date,symbol,market_name,open_interest,comm_long,comm_short,comm_net,cot_index_26w,cot_index_52w,zero_line,bias
2020-01-07,ES,S&P 500 Consolidated - CHICAGO MERCANTILE EXCHANGE,567613,404426,415691,-11265,,,sell,neutral
2020-01-07,NQ,NASDAQ-100 Consolidated - CHICAGO MERCANTILE EXCHANGE,42058,20084,22554,-2470,,,sell,neutral
2020-01-07,YM,DJIA Consolidated - CHICAGO BOARD OF TRADE,49078,19274,31190,-11916,,,sell,neutral
2020-01-14,ES,S&P 500 Consolidated - CHICAGO MERCANTILE EXCHANGE,568311,406022,423618,-17596,0.0,0.0,sell,bear
2020-01-14,NQ,NASDAQ-100 Consolidated - CHICAGO MERCANTILE EXCHANGE,43174,20261,23184,-2923,0.0,0.0,sell,bear
2020-01-14,YM,DJIA Consolidated - CHICAGO BOARD OF TRADE,50993,19644,33079,-13435,0.0,0.0,sell,bear
2020-01-21,ES,S&P 500 Consolidated - CHICAGO MERCANTILE EXCHANGE,587888,416421,430884,-14463,49.5,49.5,sell,neutral
2020-01-21,NQ,NASDAQ-100 Consolidated - CHICAGO MERCANTILE EXCHANGE,43385,20950,21622,-672,100.0,100.0,sell,bull
2020-01-21,YM,DJIA Consolidated - CHICAGO BOARD OF TRADE,51888,18312,34577,-16265,0.0,0.0,sell,bear
2020-01-28,ES,S&P 500 Consolidated - CHICAGO MERCANTILE EXCHANGE,583370,413395,426045,-12650,78.1,78.1,sell,neutral
2020-01-28,NQ,NASDAQ-100 Consolidated - CHICAGO MERCANTILE EXCHANGE,41234,18396,21871,-3475,0.0,0.0,sell,bear
2020-01-28,YM,DJIA Consolidated - CHICAGO BOARD OF TRADE,52420,17437,37149,-19712,0.0,0.0,sell,bear
2020-02-04,ES,S&P 500 Consolidated - CHICAGO MERCANTILE EXCHANGE,575449,401478,418317,-16839,12.0,12.0,sell,bear
2020-02-04,NQ,NASDAQ-100 Consolidated - CHICAGO MERCANTILE EXCHANGE,40957,18461,20678,-2217,44.9,44.9,sell,neutral
2020-02-04,YM,DJIA Consolidated - CHICAGO BOARD OF TRADE,51291,16903,36222,-19319,5.0,5.0,sell,bear
2020-02-11,ES,S&P 500 Consolidated - CHICAGO MERCANTILE EXCHANGE,596376,416705,432255,-15550,32.3,32.3,sell,neutral
2020-02-11,NQ,NASDAQ-100 Consolidated - CHICAGO MERCANTILE EXCHANGE,41566,18352,19430,-1078,85.5,85.5,sell,bull
2020-02-11,YM,DJIA Consolidated - CHICAGO BOARD OF TRADE,51211,18568,33536,-14968,60.9,60.9,sell,neutral
2020-02-18,ES,S&P 500 Consolidated - CHICAGO MERCANTILE EXCHANGE,607316,422704,438885,-16181,22.4,22.4,sell,neutral
2020-02-18,NQ,NASDAQ-100 Consolidated - CHICAGO MERCANTILE EXCHANGE,41664,17406,20268,-2862,21.9,21.9,sell,neutral
2020-02-18,YM,DJIA Consolidated - CHICAGO BOARD OF TRADE,51736,18593,32432,-13839,75.3,75.3,sell,neutral
2020-02-25,ES,S&P 500 Consolidated - CHICAGO MERCANTILE EXCHANGE,617822,420099,443231,-23132,0.0,0.0,sell,bear
2020-02-25,NQ,NASDAQ-100 Consolidated - CHICAGO MERCANTILE EXCHANGE,42933,15325,23939,-8614,0.0,0.0,sell,bear
2020-02-25,YM,DJIA Consolidated - CHICAGO BOARD OF TRADE,50734,18739,35508,-16769,37.8,37.8,sell,neutral
2020-03-03,ES,S&P 500 Consolidated - CHICAGO MERCANTILE EXCHANGE,687840,464114,471406,-7292,100.0,100.0,sell,bull
2020-03-03,NQ,NASDAQ-100 Consolidated - CHICAGO MERCANTILE EXCHANGE,43369,19282,26018,-6736,23.6,23.6,sell,neutral
2020-03-03,YM,DJIA Consolidated - CHICAGO BOARD OF TRADE,44848,22826,31459,-8633,100.0,100.0,sell,bull
2020-03-10,ES,S&P 500 Consolidated - CHICAGO MERCANTILE EXCHANGE,783449,535129,529102,6027,100.0,100.0,buy,bull
2020-03-10,NQ,NASDAQ-100 Consolidated - CHICAGO MERCANTILE EXCHANGE,44032,20355,24828,-4473,52.1,52.1,sell,neutral
2020-03-10,YM,DJIA Consolidated - CHICAGO BOARD OF TRADE,42743,22391,31672,-9281,94.2,94.2,sell,bull
2020-03-17,ES,S&P 500 Consolidated - CHICAGO MERCANTILE EXCHANGE,1024737,685745,693788,-8043,51.7,51.7,sell,neutral
2020-03-17,NQ,NASDAQ-100 Consolidated - CHICAGO MERCANTILE EXCHANGE,59254,28607,33479,-4872,47.1,47.1,sell,neutral
2020-03-17,YM,DJIA Consolidated - CHICAGO BOARD OF TRADE,41341,26268,31329,-5061,100.0,100.0,sell,bull
2020-03-24,ES,S&P 500 Consolidated - CHICAGO MERCANTILE EXCHANGE,695310,512553,512431,122,79.7,79.7,buy,neutral
2020-03-24,NQ,NASDAQ-100 Consolidated - CHICAGO MERCANTILE EXCHANGE,39971,19829,24949,-5120,44.0,44.0,sell,neutral
2020-03-24,YM,DJIA Consolidated - CHICAGO BOARD OF TRADE,25081,14062,16800,-2738,100.0,100.0,sell,bull
2020-03-31,ES,S&P 500 Consolidated - CHICAGO MERCANTILE EXCHANGE,754083,536224,517075,19149,100.0,100.0,buy,bull
2020-03-31,NQ,NASDAQ-100 Consolidated - CHICAGO MERCANTILE EXCHANGE,37304,18781,21546,-2765,73.6,73.6,sell,neutral
2020-03-31,YM,DJIA Consolidated - CHICAGO BOARD OF TRADE,28194,19216,13453,5763,100.0,100.0,buy,bull
2020-04-07,ES,S&P 500 Consolidated - CHICAGO MERCANTILE EXCHANGE,772134,547209,513726,33483,100.0,100.0,buy,bull
2020-04-07,NQ,NASDAQ-100 Consolidated - CHICAGO MERCANTILE EXCHANGE,36673,18698,19808,-1110,94.5,94.5,sell,bull
2020-04-07,YM,DJIA Consolidated - CHICAGO BOARD OF TRADE,26996,16498,10746,5752,100.0,100.0,buy,bull
2020-04-14,ES,S&P 500 Consolidated - CHICAGO MERCANTILE EXCHANGE,777289,548212,496262,51950,100.0,100.0,buy,bull
2020-04-14,NQ,NASDAQ-100 Consolidated - CHICAGO MERCANTILE EXCHANGE,35587,18827,17222,1605,100.0,100.0,buy,bull
2020-04-14,YM,DJIA Consolidated - CHICAGO BOARD OF TRADE,30200,18654,11903,6751,100.0,100.0,buy,bull
2020-04-21,ES,S&P 500 Consolidated - CHICAGO MERCANTILE EXCHANGE,774339,540663,498148,42515,87.4,87.4,buy,bull
2020-04-21,NQ,NASDAQ-100 Consolidated - CHICAGO MERCANTILE EXCHANGE,35851,18097,18950,-853,75.9,75.9,sell,neutral
2020-04-21,YM,DJIA Consolidated - CHICAGO BOARD OF TRADE,30798,19428,10934,8494,100.0,100.0,buy,bull
2020-04-28,ES,S&P 500 Consolidated - CHICAGO MERCANTILE EXCHANGE,764991,528590,475188,53402,100.0,100.0,buy,bull
2020-04-28,NQ,NASDAQ-100 Consolidated - CHICAGO MERCANTILE EXCHANGE,36350,18291,19919,-1628,68.4,68.4,sell,neutral
2020-04-28,YM,DJIA Consolidated - CHICAGO BOARD OF TRADE,33751,21650,12029,9621,100.0,100.0,buy,bull
2020-05-05,ES,S&P 500 Consolidated - CHICAGO MERCANTILE EXCHANGE,750913,528507,471826,56681,100.0,100.0,buy,bull
2020-05-05,NQ,NASDAQ-100 Consolidated - CHICAGO MERCANTILE EXCHANGE,36901,19140,21194,-2054,64.2,64.2,sell,neutral
2020-05-05,YM,DJIA Consolidated - CHICAGO BOARD OF TRADE,33234,21291,10393,10898,100.0,100.0,buy,bull
2020-05-12,ES,S&P 500 Consolidated - CHICAGO MERCANTILE EXCHANGE,753246,525575,468094,57481,100.0,100.0,buy,bull
2020-05-12,NQ,NASDAQ-100 Consolidated - CHICAGO MERCANTILE EXCHANGE,39313,19738,21525,-1787,66.8,66.8,sell,neutral
2020-05-12,YM,DJIA Consolidated - CHICAGO BOARD OF TRADE,34803,22507,11546,10961,100.0,100.0,buy,bull
2020-05-19,ES,S&P 500 Consolidated - CHICAGO MERCANTILE EXCHANGE,748020,517938,462279,55659,97.7,97.7,buy,bull
2020-05-19,NQ,NASDAQ-100 Consolidated - CHICAGO MERCANTILE EXCHANGE,39633,20668,20105,563,89.8,89.8,buy,bull
2020-05-19,YM,DJIA Consolidated - CHICAGO BOARD OF TRADE,36842,24934,13502,11432,100.0,100.0,buy,bull
2020-05-26,ES,S&P 500 Consolidated - CHICAGO MERCANTILE EXCHANGE,748823,514540,455046,59494,100.0,100.0,buy,bull
2020-05-26,NQ,NASDAQ-100 Consolidated - CHICAGO MERCANTILE EXCHANGE,42000,20787,21810,-1023,74.3,74.3,sell,neutral
2020-05-26,YM,DJIA Consolidated - CHICAGO BOARD OF TRADE,38789,25531,14743,10788,97.9,97.9,buy,bull
2020-06-02,ES,S&P 500 Consolidated - CHICAGO MERCANTILE EXCHANGE,750830,512878,460327,52551,91.6,91.6,buy,bull
2020-06-02,NQ,NASDAQ-100 Consolidated - CHICAGO MERCANTILE EXCHANGE,41947,21673,23590,-1917,65.5,65.5,sell,neutral
2020-06-02,YM,DJIA Consolidated - CHICAGO BOARD OF TRADE,39058,25047,13770,11277,99.5,99.5,buy,bull
2020-06-09,ES,S&P 500 Consolidated - CHICAGO MERCANTILE EXCHANGE,766888,523104,480002,43102,80.2,80.2,buy,bull
2020-06-09,NQ,NASDAQ-100 Consolidated - CHICAGO MERCANTILE EXCHANGE,43255,22592,23319,-727,77.2,77.2,sell,neutral
2020-06-09,YM,DJIA Consolidated - CHICAGO BOARD OF TRADE,39723,24008,15569,8439,90.4,90.4,buy,bull
2020-06-16,ES,S&P 500 Consolidated - CHICAGO MERCANTILE EXCHANGE,812088,555399,500827,54572,94.0,94.0,buy,bull
2020-06-16,NQ,NASDAQ-100 Consolidated - CHICAGO MERCANTILE EXCHANGE,45730,22945,28388,-5443,31.0,31.0,sell,neutral
2020-06-16,YM,DJIA Consolidated - CHICAGO BOARD OF TRADE,46180,30808,15660,15148,100.0,100.0,buy,bull
2020-06-23,ES,S&P 500 Consolidated - CHICAGO MERCANTILE EXCHANGE,520654,396083,363930,32153,66.9,66.9,buy,neutral
2020-06-23,NQ,NASDAQ-100 Consolidated - CHICAGO MERCANTILE EXCHANGE,36512,15301,23059,-7758,8.4,8.4,sell,bear
2020-06-23,YM,DJIA Consolidated - CHICAGO BOARD OF TRADE,36461,22905,7614,15291,100.0,100.0,buy,bull
2020-06-30,ES,S&P 500 Consolidated - CHICAGO MERCANTILE EXCHANGE,538487,398546,374131,24415,57.5,57.5,buy,neutral
2020-06-30,NQ,NASDAQ-100 Consolidated - CHICAGO MERCANTILE EXCHANGE,38816,16491,25095,-8604,0.1,0.1,sell,bear
2020-06-30,YM,DJIA Consolidated - CHICAGO BOARD OF TRADE,37388,23191,8781,14410,97.5,97.5,buy,bull
2020-07-07,ES,S&P 500 Consolidated - CHICAGO MERCANTILE EXCHANGE,533758,393705,373090,20615,52.9,52.9,buy,neutral
2020-07-07,NQ,NASDAQ-100 Consolidated - CHICAGO MERCANTILE EXCHANGE,42507,18992,27594,-8602,0.1,0.1,sell,bear
2020-07-07,YM,DJIA Consolidated - CHICAGO BOARD OF TRADE,35844,21193,9327,11866,90.2,90.2,buy,bull
2020-07-14,ES,S&P 500 Consolidated - CHICAGO MERCANTILE EXCHANGE,536906,393165,374709,18456,50.3,50.3,buy,neutral
2020-07-14,NQ,NASDAQ-100 Consolidated - CHICAGO MERCANTILE EXCHANGE,44657,21395,27928,-6533,20.4,20.4,sell,neutral
2020-07-14,YM,DJIA Consolidated - CHICAGO BOARD OF TRADE,40025,19304,14114,5190,71.1,71.1,buy,neutral
2020-07-21,ES,S&P 500 Consolidated - CHICAGO MERCANTILE EXCHANGE,542138,394949,378036,16913,48.5,48.5,buy,neutral
2020-07-21,NQ,NASDAQ-100 Consolidated - CHICAGO MERCANTILE EXCHANGE,44441,23372,26923,-3551,49.5,49.5,sell,neutral
2020-07-21,YM,DJIA Consolidated - CHICAGO BOARD OF TRADE,39745,19717,14210,5507,72.0,72.0,buy,neutral
2020-07-28,ES,S&P 500 Consolidated - CHICAGO MERCANTILE EXCHANGE,551791,398712,384105,14607,45.7,45.7,buy,neutral
2020-07-28,NQ,NASDAQ-100 Consolidated - CHICAGO MERCANTILE EXCHANGE,44183,21619,27470,-5851,27.0,27.0,sell,neutral
2020-07-28,YM,DJIA Consolidated - CHICAGO BOARD OF TRADE,41117,19838,16430,3408,65.7,66.1,buy,neutral
2020-08-04,ES,S&P 500 Consolidated - CHICAGO MERCANTILE EXCHANGE,559277,400108,385390,14718,45.8,45.8,buy,neutral
2020-08-04,NQ,NASDAQ-100 Consolidated - CHICAGO MERCANTILE EXCHANGE,45713,22750,27139,-4389,41.3,41.3,sell,neutral
2020-08-04,YM,DJIA Consolidated - CHICAGO BOARD OF TRADE,45154,21695,18375,3320,62.7,65.8,buy,neutral
2020-08-11,ES,S&P 500 Consolidated - CHICAGO MERCANTILE EXCHANGE,566508,403103,386282,16821,48.4,48.4,buy,neutral
2020-08-11,NQ,NASDAQ-100 Consolidated - CHICAGO MERCANTILE EXCHANGE,47013,24223,27509,-3286,52.1,52.1,sell,neutral
2020-08-11,YM,DJIA Consolidated - CHICAGO BOARD OF TRADE,47392,22957,21738,1219,56.1,59.8,buy,neutral
2020-08-18,ES,S&P 500 Consolidated - CHICAGO MERCANTILE EXCHANGE,574834,402919,392919,10000,40.1,40.1,buy,neutral
2020-08-18,NQ,NASDAQ-100 Consolidated - CHICAGO MERCANTILE EXCHANGE,45989,21566,27044,-5478,30.7,30.7,sell,neutral
2020-08-18,YM,DJIA Consolidated - CHICAGO BOARD OF TRADE,46229,21906,21582,324,53.3,57.2,buy,neutral
2020-08-25,ES,S&P 500 Consolidated - CHICAGO MERCANTILE EXCHANGE,579474,410901,391954,18947,40.0,50.9,buy,neutral
2020-08-25,NQ,NASDAQ-100 Consolidated - CHICAGO MERCANTILE EXCHANGE,46997,21783,27110,-5327,32.1,32.2,sell,neutral
2020-08-25,YM,DJIA Consolidated - CHICAGO BOARD OF TRADE,42244,20475,17602,2873,49.5,64.5,buy,neutral
2020-09-01,ES,S&P 500 Consolidated - CHICAGO MERCANTILE EXCHANGE,590438,413850,404137,9713,26.3,39.8,buy,neutral
2020-09-01,NQ,NASDAQ-100 Consolidated - CHICAGO MERCANTILE EXCHANGE,49030,23184,26249,-3065,54.3,54.3,sell,neutral
2020-09-01,YM,DJIA Consolidated - CHICAGO BOARD OF TRADE,41003,19426,16639,2787,49.1,64.3,buy,neutral
2020-09-08,ES,S&P 500 Consolidated - CHICAGO MERCANTILE EXCHANGE,577671,404358,400149,4209,18.1,33.1,buy,neutral
2020-09-08,NQ,NASDAQ-100 Consolidated - CHICAGO MERCANTILE EXCHANGE,50161,23529,24336,-807,76.4,76.4,sell,neutral
2020-09-08,YM,DJIA Consolidated - CHICAGO BOARD OF TRADE,36683,18705,12773,5932,54.0,73.3,buy,neutral
2020-09-15,ES,S&P 500 Consolidated - CHICAGO MERCANTILE EXCHANGE,620388,436485,442161,-5676,0.0,21.1,sell,neutral
2020-09-15,NQ,NASDAQ-100 Consolidated - CHICAGO MERCANTILE EXCHANGE,69673,40292,29115,11177,100.0,100.0,buy,bull
2020-09-15,YM,DJIA Consolidated - CHICAGO BOARD OF TRADE,44088,24432,19114,5318,44.7,71.5,buy,neutral
2020-09-22,ES,S&P 500 Consolidated - CHICAGO MERCANTILE EXCHANGE,502173,369163,376393,-7230,0.0,19.2,sell,bear
2020-09-22,NQ,NASDAQ-100 Consolidated - CHICAGO MERCANTILE EXCHANGE,66403,39234,15356,23878,100.0,100.0,buy,bull
2020-09-22,YM,DJIA Consolidated - CHICAGO BOARD OF TRADE,34886,17969,11031,6938,44.2,76.1,buy,neutral
2020-09-29,ES,S&P 500 Consolidated - CHICAGO MERCANTILE EXCHANGE,502009,365996,379896,-13900,0.0,11.2,sell,bear
2020-09-29,NQ,NASDAQ-100 Consolidated - CHICAGO MERCANTILE EXCHANGE,55119,29654,16769,12885,66.2,66.2,buy,neutral
2020-09-29,YM,DJIA Consolidated - CHICAGO BOARD OF TRADE,37025,17123,13601,3522,21.4,66.4,buy,neutral
2020-10-06,ES,S&P 500 Consolidated - CHICAGO MERCANTILE EXCHANGE,507185,357776,369259,-11483,3.3,14.1,sell,bear
2020-10-06,NQ,NASDAQ-100 Consolidated - CHICAGO MERCANTILE EXCHANGE,55500,30609,18584,12025,63.5,63.5,buy,neutral
2020-10-06,YM,DJIA Consolidated - CHICAGO BOARD OF TRADE,42881,18512,19536,-1024,0.0,53.4,sell,neutral
2020-10-13,ES,S&P 500 Consolidated - CHICAGO MERCANTILE EXCHANGE,509854,359424,368067,-8643,7.2,17.5,sell,bear
2020-10-13,NQ,NASDAQ-100 Consolidated - CHICAGO MERCANTILE EXCHANGE,45242,19981,26522,-6541,6.4,6.4,sell,bear
2020-10-13,YM,DJIA Consolidated - CHICAGO BOARD OF TRADE,44989,19939,21485,-1546,0.0,51.9,sell,neutral
2020-10-20,ES,S&P 500 Consolidated - CHICAGO MERCANTILE EXCHANGE,503160,354801,366225,-11424,3.4,14.2,sell,bear
2020-10-20,NQ,NASDAQ-100 Consolidated - CHICAGO MERCANTILE EXCHANGE,43978,20633,24831,-4198,13.6,13.6,sell,bear
2020-10-20,YM,DJIA Consolidated - CHICAGO BOARD OF TRADE,47565,18498,24508,-6010,0.0,39.1,sell,neutral
2020-10-27,ES,S&P 500 Consolidated - CHICAGO MERCANTILE EXCHANGE,500239,349762,371525,-21763,0.0,1.7,sell,bear
2020-10-27,NQ,NASDAQ-100 Consolidated - CHICAGO MERCANTILE EXCHANGE,45535,22608,24474,-1866,20.7,20.8,sell,neutral
2020-10-27,YM,DJIA Consolidated - CHICAGO BOARD OF TRADE,48635,20085,25032,-4947,5.0,42.2,sell,neutral
2020-11-03,ES,S&P 500 Consolidated - CHICAGO MERCANTILE EXCHANGE,496324,356862,372084,-15222,8.0,9.6,sell,bear
2020-11-03,NQ,NASDAQ-100 Consolidated - CHICAGO MERCANTILE EXCHANGE,44591,21691,23763,-2072,20.1,20.1,sell,neutral
2020-11-03,YM,DJIA Consolidated - CHICAGO BOARD OF TRADE,44597,22010,22601,-591,25.4,54.6,sell,neutral
2020-11-10,ES,S&P 500 Consolidated - CHICAGO MERCANTILE EXCHANGE,517065,364024,382100,-18076,4.5,6.1,sell,bear
2020-11-10,NQ,NASDAQ-100 Consolidated - CHICAGO MERCANTILE EXCHANGE,47620,24289,23727,562,28.2,28.2,buy,neutral
2020-11-10,YM,DJIA Consolidated - CHICAGO BOARD OF TRADE,46842,22035,23858,-1823,19.7,51.1,sell,neutral
2020-11-17,ES,S&P 500 Consolidated - CHICAGO MERCANTILE EXCHANGE,534823,372350,389377,-17027,5.8,7.4,sell,bear
2020-11-17,NQ,NASDAQ-100 Consolidated - CHICAGO MERCANTILE EXCHANGE,47695,26264,24578,1686,31.7,31.7,buy,neutral
2020-11-17,YM,DJIA Consolidated - CHICAGO BOARD OF TRADE,47984,24371,24031,340,29.8,57.3,buy,neutral
2020-11-24,ES,S&P 500 Consolidated - CHICAGO MERCANTILE EXCHANGE,538369,377702,381983,-4281,22.9,22.8,sell,neutral
2020-11-24,NQ,NASDAQ-100 Consolidated - CHICAGO MERCANTILE EXCHANGE,49452,26528,24049,2479,34.1,34.1,buy,neutral
2020-11-24,YM,DJIA Consolidated - CHICAGO BOARD OF TRADE,49293,26142,23901,2241,38.7,62.7,buy,neutral
2020-12-01,ES,S&P 500 Consolidated - CHICAGO MERCANTILE EXCHANGE,556009,392360,395297,-2937,24.7,24.4,sell,neutral
2020-12-01,NQ,NASDAQ-100 Consolidated - CHICAGO MERCANTILE EXCHANGE,49193,26337,23623,2714,34.8,34.9,buy,neutral
2020-12-01,YM,DJIA Consolidated - CHICAGO BOARD OF TRADE,47034,26550,21590,4960,51.5,70.5,buy,neutral
2020-12-08,ES,S&P 500 Consolidated - CHICAGO MERCANTILE EXCHANGE,578100,406955,407359,-404,28.0,27.5,sell,neutral
2020-12-08,NQ,NASDAQ-100 Consolidated - CHICAGO MERCANTILE EXCHANGE,48901,25171,28791,-3620,15.3,15.4,sell,bear
2020-12-08,YM,DJIA Consolidated - CHICAGO BOARD OF TRADE,51358,29563,24253,5310,53.1,71.5,buy,neutral
2020-12-15,ES,S&P 500 Consolidated - CHICAGO MERCANTILE EXCHANGE,637832,450274,452079,-1805,37.0,25.8,sell,neutral
2020-12-15,NQ,NASDAQ-100 Consolidated - CHICAGO MERCANTILE EXCHANGE,55366,28827,33432,-4605,12.3,12.3,sell,bear
2020-12-15,YM,DJIA Consolidated - CHICAGO BOARD OF TRADE,53587,32011,25702,6309,57.8,74.3,buy,neutral
2020-12-21,ES,S&P 500 Consolidated - CHICAGO MERCANTILE EXCHANGE,495182,370121,371537,-1416,44.1,26.3,sell,neutral
2020-12-21,NQ,NASDAQ-100 Consolidated - CHICAGO MERCANTILE EXCHANGE,42541,21565,27775,-6210,7.4,7.4,sell,bear
2020-12-21,YM,DJIA Consolidated - CHICAGO BOARD OF TRADE,40772,20345,14971,5374,55.7,71.7,buy,neutral
2020-12-29,ES,S&P 500 Consolidated - CHICAGO MERCANTILE EXCHANGE,506564,373394,371911,1483,54.9,29.8,buy,neutral
2020-12-29,NQ,NASDAQ-100 Consolidated - CHICAGO MERCANTILE EXCHANGE,43377,21829,26383,-4554,12.5,12.5,sell,bear
2020-12-29,YM,DJIA Consolidated - CHICAGO BOARD OF TRADE,40919,19855,16466,3389,52.6,66.0,buy,neutral
2021-01-05,ES,S&P 500 Consolidated - CHICAGO MERCANTILE EXCHANGE,523123,384003,385588,-1585,49.6,26.1,sell,neutral
2021-01-05,NQ,NASDAQ-100 Consolidated - CHICAGO MERCANTILE EXCHANGE,44180,22262,27875,-5613,3.1,9.2,sell,bear
2021-01-05,YM,DJIA Consolidated - CHICAGO BOARD OF TRADE,40600,19455,16290,3165,70.9,65.4,buy,neutral
2021-01-12,ES,S&P 500 Consolidated - CHICAGO MERCANTILE EXCHANGE,531665,388348,391745,-3397,45.1,23.9,sell,neutral
2021-01-12,NQ,NASDAQ-100 Consolidated - CHICAGO MERCANTILE EXCHANGE,46458,23372,27380,-4008,8.3,14.2,sell,bear
2021-01-12,YM,DJIA Consolidated - CHICAGO BOARD OF TRADE,42106,20219,16943,3276,71.7,65.7,buy,neutral
2021-01-19,ES,S&P 500 Consolidated - CHICAGO MERCANTILE EXCHANGE,535228,387514,397419,-9905,29.1,16.0,sell,bear
2021-01-19,NQ,NASDAQ-100 Consolidated - CHICAGO MERCANTILE EXCHANGE,47010,22840,28181,-5341,3.9,10.1,sell,bear
2021-01-19,YM,DJIA Consolidated - CHICAGO BOARD OF TRADE,43314,22747,18884,3863,76.3,67.4,buy,neutral
2021-01-26,ES,S&P 500 Consolidated - CHICAGO MERCANTILE EXCHANGE,539902,398244,400190,-1946,48.7,25.6,sell,neutral
2021-01-26,NQ,NASDAQ-100 Consolidated - CHICAGO MERCANTILE EXCHANGE,46412,21240,28230,-6990,0.0,5.0,sell,bear
2021-01-26,YM,DJIA Consolidated - CHICAGO BOARD OF TRADE,44757,23821,18477,5344,87.7,71.3,buy,neutral
2021-02-02,ES,S&P 500 Consolidated - CHICAGO MERCANTILE EXCHANGE,550121,401994,404427,-2433,47.5,25.1,sell,neutral
2021-02-02,NQ,NASDAQ-100 Consolidated - CHICAGO MERCANTILE EXCHANGE,46946,21172,27492,-6320,2.2,7.1,sell,bear
2021-02-02,YM,DJIA Consolidated - CHICAGO BOARD OF TRADE,49889,22790,23129,-339,43.8,51.2,sell,neutral
2021-02-09,ES,S&P 500 Consolidated - CHICAGO MERCANTILE EXCHANGE,547257,403003,396214,6789,70.1,36.2,buy,neutral
2021-02-09,NQ,NASDAQ-100 Consolidated - CHICAGO MERCANTILE EXCHANGE,46874,22138,27516,-5378,5.2,10.0,sell,bear
2021-02-09,YM,DJIA Consolidated - CHICAGO BOARD OF TRADE,49829,22152,22931,-779,40.4,49.9,sell,neutral
2021-02-16,ES,S&P 500 Consolidated - CHICAGO MERCANTILE EXCHANGE,552371,404516,398322,6194,68.7,35.5,buy,neutral
2021-02-16,NQ,NASDAQ-100 Consolidated - CHICAGO MERCANTILE EXCHANGE,47071,23468,27711,-4243,8.9,13.5,sell,bear
2021-02-16,YM,DJIA Consolidated - CHICAGO BOARD OF TRADE,46942,22049,20894,1155,55.3,55.9,buy,neutral
2021-02-23,ES,S&P 500 Consolidated - CHICAGO MERCANTILE EXCHANGE,556649,406513,410282,-3769,57.2,22.1,sell,neutral
2021-02-23,NQ,NASDAQ-100 Consolidated - CHICAGO MERCANTILE EXCHANGE,48014,25856,25276,580,24.5,28.3,buy,neutral
2021-02-23,YM,DJIA Consolidated - CHICAGO BOARD OF TRADE,46040,21400,20902,498,50.3,39.8,buy,neutral
2021-03-02,ES,S&P 500 Consolidated - CHICAGO MERCANTILE EXCHANGE,584840,413525,431016,-17491,15.0,5.3,sell,bear
2021-03-02,NQ,NASDAQ-100 Consolidated - CHICAGO MERCANTILE EXCHANGE,48803,29025,23066,5959,41.9,44.8,buy,neutral
2021-03-02,YM,DJIA Consolidated - CHICAGO BOARD OF TRADE,44698,24775,16922,7853,100.0,69.7,buy,neutral
2021-03-09,ES,S&P 500 Consolidated - CHICAGO MERCANTILE EXCHANGE,585629,419563,433563,-14000,27.2,9.6,sell,bear
2021-03-09,NQ,NASDAQ-100 Consolidated - CHICAGO MERCANTILE EXCHANGE,50706,29889,25054,4835,38.3,41.4,buy,neutral
2021-03-09,YM,DJIA Consolidated - CHICAGO BOARD OF TRADE,46402,28997,19022,9975,100.0,75.0,buy,neutral
2021-03-16,ES,S&P 500 Consolidated - CHICAGO MERCANTILE EXCHANGE,643898,468792,480160,-11368,36.4,12.8,sell,bear
2021-03-16,NQ,NASDAQ-100 Consolidated - CHICAGO MERCANTILE EXCHANGE,51477,31531,27577,3954,35.5,38.7,buy,neutral
2021-03-16,YM,DJIA Consolidated - CHICAGO BOARD OF TRADE,54432,33609,26901,6708,79.6,59.7,buy,neutral
2021-03-23,ES,S&P 500 Consolidated - CHICAGO MERCANTILE EXCHANGE,508037,384090,389148,-5058,58.5,20.6,sell,neutral
2021-03-23,NQ,NASDAQ-100 Consolidated - CHICAGO MERCANTILE EXCHANGE,44355,27602,23739,3863,54.6,38.4,buy,neutral
2021-03-23,YM,DJIA Consolidated - CHICAGO BOARD OF TRADE,45440,23997,20262,3735,61.0,45.7,buy,neutral
2021-03-30,ES,S&P 500 Consolidated - CHICAGO MERCANTILE EXCHANGE,529023,393077,392014,1063,79.9,28.1,buy,neutral
2021-03-30,NQ,NASDAQ-100 Consolidated - CHICAGO MERCANTILE EXCHANGE,44446,27661,22598,5063,63.4,42.1,buy,neutral
2021-03-30,YM,DJIA Consolidated - CHICAGO BOARD OF TRADE,44724,23177,18928,4249,64.2,48.2,buy,neutral
2021-04-06,ES,S&P 500 Consolidated - CHICAGO MERCANTILE EXCHANGE,549444,395575,392067,3508,88.5,31.1,buy,neutral
2021-04-06,NQ,NASDAQ-100 Consolidated - CHICAGO MERCANTILE EXCHANGE,42918,23804,21258,2546,73.6,34.3,buy,neutral
2021-04-06,YM,DJIA Consolidated - CHICAGO BOARD OF TRADE,47120,22162,20095,2067,50.5,37.9,buy,neutral
2021-04-13,ES,S&P 500 Consolidated - CHICAGO MERCANTILE EXCHANGE,560636,400381,397553,2828,86.1,30.3,buy,neutral
2021-04-13,NQ,NASDAQ-100 Consolidated - CHICAGO MERCANTILE EXCHANGE,42860,23282,21208,2074,70.0,32.9,buy,neutral
2021-04-13,YM,DJIA Consolidated - CHICAGO BOARD OF TRADE,46072,20591,19516,1075,44.3,33.3,buy,neutral
2021-04-20,ES,S&P 500 Consolidated - CHICAGO MERCANTILE EXCHANGE,569824,403075,402627,448,77.8,27.3,buy,neutral
2021-04-20,NQ,NASDAQ-100 Consolidated - CHICAGO MERCANTILE EXCHANGE,43629,24097,22770,1327,64.2,30.6,buy,neutral
2021-04-20,YM,DJIA Consolidated - CHICAGO BOARD OF TRADE,45617,20942,21312,-370,30.7,26.5,sell,neutral
2021-04-27,ES,S&P 500 Consolidated - CHICAGO MERCANTILE EXCHANGE,581117,399144,407701,-8557,38.3,16.3,sell,bear
2021-04-27,NQ,NASDAQ-100 Consolidated - CHICAGO MERCANTILE EXCHANGE,43576,24973,22144,2829,75.8,35.2,buy,neutral
2021-04-27,YM,DJIA Consolidated - CHICAGO BOARD OF TRADE,45600,21393,21723,-330,12.7,26.7,sell,neutral
2021-05-04,ES,S&P 500 Consolidated - CHICAGO MERCANTILE EXCHANGE,578570,408587,414284,-5697,49.8,19.8,sell,bear
2021-05-04,NQ,NASDAQ-100 Consolidated - CHICAGO MERCANTILE EXCHANGE,47448,27217,22340,4877,91.6,41.5,buy,neutral
2021-05-04,YM,DJIA Consolidated - CHICAGO BOARD OF TRADE,45992,21186,21668,-482,11.4,26.0,sell,neutral
2021-05-11,ES,S&P 500 Consolidated - CHICAGO MERCANTILE EXCHANGE,568597,400231,413505,-13274,17.4,10.4,sell,bear
2021-05-11,NQ,NASDAQ-100 Consolidated - CHICAGO MERCANTILE EXCHANGE,45487,25176,21889,3287,79.4,36.6,buy,neutral
2021-05-11,YM,DJIA Consolidated - CHICAGO BOARD OF TRADE,49322,22983,22421,562,12.5,30.9,buy,neutral
2021-05-18,ES,S&P 500 Consolidated - CHICAGO MERCANTILE EXCHANGE,561295,385284,403387,-18103,0.0,4.5,sell,bear
2021-05-18,NQ,NASDAQ-100 Consolidated - CHICAGO MERCANTILE EXCHANGE,45595,25447,22879,2568,73.8,34.4,buy,neutral
2021-05-18,YM,DJIA Consolidated - CHICAGO BOARD OF TRADE,47834,22608,21295,1313,19.5,34.4,buy,neutral
2021-05-25,ES,S&P 500 Consolidated - CHICAGO MERCANTILE EXCHANGE,588098,396276,414502,-18226,0.0,4.6,sell,bear
2021-05-25,NQ,NASDAQ-100 Consolidated - CHICAGO MERCANTILE EXCHANGE,46678,27806,23342,4464,88.5,40.2,buy,neutral
2021-05-25,YM,DJIA Consolidated - CHICAGO BOARD OF TRADE,49408,23836,20705,3131,36.4,42.9,buy,neutral
2021-06-01,ES,S&P 500 Consolidated - CHICAGO MERCANTILE EXCHANGE,594184,400132,421687,-21555,0.0,0.3,sell,bear
2021-06-01,NQ,NASDAQ-100 Consolidated - CHICAGO MERCANTILE EXCHANGE,47675,28651,23938,4713,90.4,41.0,buy,neutral
2021-06-01,YM,DJIA Consolidated - CHICAGO BOARD OF TRADE,51621,24168,22584,1584,22.0,35.7,buy,neutral
2021-06-08,ES,S&P 500 Consolidated - CHICAGO MERCANTILE EXCHANGE,606772,405693,428644,-22951,0.0,0.0,sell,bear
2021-06-08,NQ,NASDAQ-100 Consolidated - CHICAGO MERCANTILE EXCHANGE,47631,26969,23412,3557,81.5,37.4,buy,neutral
2021-06-08,YM,DJIA Consolidated - CHICAGO BOARD OF TRADE,53147,23832,23446,386,10.8,30.0,buy,neutral
2021-06-15,ES,S&P 500 Consolidated - CHICAGO MERCANTILE EXCHANGE,666519,450732,475032,-24300,0.0,0.0,sell,bear
2021-06-15,NQ,NASDAQ-100 Consolidated - CHICAGO MERCANTILE EXCHANGE,57779,33838,29284,4554,89.1,40.5,buy,neutral
2021-06-15,YM,DJIA Consolidated - CHICAGO BOARD OF TRADE,59702,28253,28962,-709,0.7,24.9,sell,neutral
2021-06-22,ES,S&P 500 Consolidated - CHICAGO MERCANTILE EXCHANGE,519840,377507,393940,-16433,25.3,16.1,sell,bear
2021-06-22,NQ,NASDAQ-100 Consolidated - CHICAGO MERCANTILE EXCHANGE,44754,25571,21672,3899,84.1,38.5,buy,neutral
2021-06-22,YM,DJIA Consolidated - CHICAGO BOARD OF TRADE,51309,26167,22064,4103,45.4,49.5,buy,neutral
2021-06-29,ES,S&P 500 Consolidated - CHICAGO MERCANTILE EXCHANGE,526777,376407,391339,-14932,30.1,20.9,sell,neutral
2021-06-29,NQ,NASDAQ-100 Consolidated - CHICAGO MERCANTILE EXCHANGE,44827,24714,20569,4145,86.0,39.2,buy,neutral
2021-06-29,YM,DJIA Consolidated - CHICAGO BOARD OF TRADE,52814,23453,26870,-3417,0.0,14.5,sell,bear
2021-07-06,ES,S&P 500 Consolidated - CHICAGO MERCANTILE EXCHANGE,535166,380078,397109,-17031,23.4,16.8,sell,bear
2021-07-06,NQ,NASDAQ-100 Consolidated - CHICAGO MERCANTILE EXCHANGE,45658,25148,21688,3460,80.7,33.9,buy,neutral
2021-07-06,YM,DJIA Consolidated - CHICAGO BOARD OF TRADE,52986,23187,29539,-6352,0.0,0.0,sell,bear
2021-07-13,ES,S&P 500 Consolidated - CHICAGO MERCANTILE EXCHANGE,543030,380437,399095,-18658,18.1,13.0,sell,bear
2021-07-13,NQ,NASDAQ-100 Consolidated - CHICAGO MERCANTILE EXCHANGE,46456,25857,21471,4386,87.9,36.9,buy,neutral
2021-07-13,YM,DJIA Consolidated - CHICAGO BOARD OF TRADE,55827,22257,30600,-8343,0.0,0.0,sell,bear
2021-07-20,ES,S&P 500 Consolidated - CHICAGO MERCANTILE EXCHANGE,551237,388722,400946,-12224,38.8,27.9,sell,neutral
2021-07-20,NQ,NASDAQ-100 Consolidated - CHICAGO MERCANTILE EXCHANGE,46906,24651,22597,2054,69.8,29.3,buy,neutral
2021-07-20,YM,DJIA Consolidated - CHICAGO BOARD OF TRADE,51350,22675,22886,-211,44.4,44.4,sell,neutral
2021-07-27,ES,S&P 500 Consolidated - CHICAGO MERCANTILE EXCHANGE,560457,379600,396193,-16593,24.8,17.8,sell,bear
2021-07-27,NQ,NASDAQ-100 Consolidated - CHICAGO MERCANTILE EXCHANGE,46944,26477,22783,3694,81.6,34.6,buy,neutral
2021-07-27,YM,DJIA Consolidated - CHICAGO BOARD OF TRADE,51277,21320,23728,-2408,32.4,32.4,sell,neutral
2021-08-03,ES,S&P 500 Consolidated - CHICAGO MERCANTILE EXCHANGE,568882,379850,399480,-19630,15.0,10.8,sell,bear
2021-08-03,NQ,NASDAQ-100 Consolidated - CHICAGO MERCANTILE EXCHANGE,44609,23946,21526,2420,68.8,30.5,buy,neutral
2021-08-03,YM,DJIA Consolidated - CHICAGO BOARD OF TRADE,55408,21126,27252,-6126,12.1,12.1,sell,bear
2021-08-10,ES,S&P 500 Consolidated - CHICAGO MERCANTILE EXCHANGE,573185,379985,395570,-15585,28.6,20.2,sell,neutral
2021-08-10,NQ,NASDAQ-100 Consolidated - CHICAGO MERCANTILE EXCHANGE,46672,26707,21565,5142,92.0,39.3,buy,neutral
2021-08-10,YM,DJIA Consolidated - CHICAGO BOARD OF TRADE,57378,23742,27397,-3655,25.6,25.6,sell,neutral
2021-08-17,ES,S&P 500 Consolidated - CHICAGO MERCANTILE EXCHANGE,581375,386818,399212,-12394,42.8,27.5,sell,neutral
2021-08-17,NQ,NASDAQ-100 Consolidated - CHICAGO MERCANTILE EXCHANGE,46900,27728,20838,6890,100.0,45.0,buy,neutral
2021-08-17,YM,DJIA Consolidated - CHICAGO BOARD OF TRADE,53963,23108,23650,-542,42.6,42.6,sell,neutral
2021-08-24,ES,S&P 500 Consolidated - CHICAGO MERCANTILE EXCHANGE,592348,385377,399657,-14280,36.0,29.5,sell,neutral
2021-08-24,NQ,NASDAQ-100 Consolidated - CHICAGO MERCANTILE EXCHANGE,45425,24583,20901,3682,42.3,34.6,buy,neutral
2021-08-24,YM,DJIA Consolidated - CHICAGO BOARD OF TRADE,53847,22608,25365,-2757,30.5,30.5,sell,neutral
2021-08-31,ES,S&P 500 Consolidated - CHICAGO MERCANTILE EXCHANGE,601293,399278,406479,-7201,61.5,55.0,sell,neutral
2021-08-31,NQ,NASDAQ-100 Consolidated - CHICAGO MERCANTILE EXCHANGE,46120,23903,20879,3024,30.5,32.4,buy,neutral
2021-08-31,YM,DJIA Consolidated - CHICAGO BOARD OF TRADE,54638,23187,25550,-2363,32.6,32.6,sell,neutral
2021-09-07,ES,S&P 500 Consolidated - CHICAGO MERCANTILE EXCHANGE,611152,404665,410413,-5748,66.7,59.7,sell,neutral
2021-09-07,NQ,NASDAQ-100 Consolidated - CHICAGO MERCANTILE EXCHANGE,46866,22235,21467,768,0.0,25.1,buy,neutral
2021-09-07,YM,DJIA Consolidated - CHICAGO BOARD OF TRADE,53390,24759,23875,884,61.3,50.4,buy,neutral
2021-09-14,ES,S&P 500 Consolidated - CHICAGO MERCANTILE EXCHANGE,655925,427136,442696,-15560,31.4,28.1,sell,neutral
2021-09-14,NQ,NASDAQ-100 Consolidated - CHICAGO MERCANTILE EXCHANGE,55540,28058,28568,-510,0.0,21.0,sell,neutral
2021-09-14,YM,DJIA Consolidated - CHICAGO BOARD OF TRADE,60533,31066,30122,944,73.8,50.7,buy,neutral
2021-09-21,ES,S&P 500 Consolidated - CHICAGO MERCANTILE EXCHANGE,490636,347579,368969,-21390,10.5,9.4,sell,bear
2021-09-21,NQ,NASDAQ-100 Consolidated - CHICAGO MERCANTILE EXCHANGE,44460,22297,24129,-1832,0.0,26.0,sell,neutral
2021-09-21,YM,DJIA Consolidated - CHICAGO BOARD OF TRADE,47942,25477,20533,4944,100.0,72.5,buy,neutral
2021-09-28,ES,S&P 500 Consolidated - CHICAGO MERCANTILE EXCHANGE,491475,348232,368654,-20422,13.9,12.5,sell,bear
2021-09-28,NQ,NASDAQ-100 Consolidated - CHICAGO MERCANTILE EXCHANGE,46122,24152,23083,1069,33.3,42.4,buy,neutral
2021-09-28,YM,DJIA Consolidated - CHICAGO BOARD OF TRADE,49272,24962,23950,1012,70.4,51.1,buy,neutral
2021-10-05,ES,S&P 500 Consolidated - CHICAGO MERCANTILE EXCHANGE,487471,348965,368346,-19381,18.1,15.8,sell,bear
2021-10-05,NQ,NASDAQ-100 Consolidated - CHICAGO MERCANTILE EXCHANGE,45030,24430,23340,1090,33.5,58.2,buy,neutral
2021-10-05,YM,DJIA Consolidated - CHICAGO BOARD OF TRADE,48120,23888,23367,521,66.7,48.4,buy,neutral
2021-10-12,ES,S&P 500 Consolidated - CHICAGO MERCANTILE EXCHANGE,480633,340808,367441,-26633,0.0,0.0,sell,bear
2021-10-12,NQ,NASDAQ-100 Consolidated - CHICAGO MERCANTILE EXCHANGE,46123,25460,24885,575,27.6,54.5,buy,neutral
2021-10-12,YM,DJIA Consolidated - CHICAGO BOARD OF TRADE,51020,24771,26331,-1560,51.0,37.0,sell,neutral
2021-10-19,ES,S&P 500 Consolidated - CHICAGO MERCANTILE EXCHANGE,477317,343730,360785,-17055,45.7,28.7,sell,neutral
2021-10-19,NQ,NASDAQ-100 Consolidated - CHICAGO MERCANTILE EXCHANGE,47473,27002,24917,2085,44.9,65.4,buy,neutral
2021-10-19,YM,DJIA Consolidated - CHICAGO BOARD OF TRADE,53020,23078,27162,-4084,32.1,23.3,sell,neutral
2021-10-26,ES,S&P 500 Consolidated - CHICAGO MERCANTILE EXCHANGE,480961,342382,367690,-25308,6.3,4.0,sell,bear
2021-10-26,NQ,NASDAQ-100 Consolidated - CHICAGO MERCANTILE EXCHANGE,49102,27510,26228,1282,35.7,59.6,buy,neutral
2021-10-26,YM,DJIA Consolidated - CHICAGO BOARD OF TRADE,54648,24195,26784,-2589,43.3,31.4,sell,neutral
2021-11-02,ES,S&P 500 Consolidated - CHICAGO MERCANTILE EXCHANGE,486386,343417,376241,-32824,0.0,0.0,sell,bear
2021-11-02,NQ,NASDAQ-100 Consolidated - CHICAGO MERCANTILE EXCHANGE,51117,28918,28566,352,25.0,52.9,buy,neutral
2021-11-02,YM,DJIA Consolidated - CHICAGO BOARD OF TRADE,57066,24100,28554,-4454,29.3,21.2,sell,neutral
2021-11-09,ES,S&P 500 Consolidated - CHICAGO MERCANTILE EXCHANGE,487561,341241,368625,-27384,20.1,13.7,sell,bear
2021-11-09,NQ,NASDAQ-100 Consolidated - CHICAGO MERCANTILE EXCHANGE,52579,28062,30071,-2009,0.0,35.9,sell,neutral
2021-11-09,YM,DJIA Consolidated - CHICAGO BOARD OF TRADE,51733,23014,24512,-1498,51.5,37.4,sell,neutral
2021-11-16,ES,S&P 500 Consolidated - CHICAGO MERCANTILE EXCHANGE,490979,343331,373396,-30065,10.2,7.0,sell,bear
2021-11-16,NQ,NASDAQ-100 Consolidated - CHICAGO MERCANTILE EXCHANGE,52868,28492,30401,-1909,1.1,36.6,sell,neutral
2021-11-16,YM,DJIA Consolidated - CHICAGO BOARD OF TRADE,51900,23706,23918,-212,61.2,44.4,sell,neutral
2021-11-23,ES,S&P 500 Consolidated - CHICAGO MERCANTILE EXCHANGE,491063,344663,374573,-29910,10.8,7.4,sell,bear
2021-11-23,NQ,NASDAQ-100 Consolidated - CHICAGO MERCANTILE EXCHANGE,51745,26124,30679,-4555,0.0,17.5,sell,bear
2021-11-23,YM,DJIA Consolidated - CHICAGO BOARD OF TRADE,53046,23283,25965,-2682,42.6,30.9,sell,neutral
2021-11-30,ES,S&P 500 Consolidated - CHICAGO MERCANTILE EXCHANGE,502143,345829,384366,-38537,0.0,0.0,sell,bear
2021-11-30,NQ,NASDAQ-100 Consolidated - CHICAGO MERCANTILE EXCHANGE,51695,26105,31195,-5090,0.0,13.7,sell,bear
2021-11-30,YM,DJIA Consolidated - CHICAGO BOARD OF TRADE,50802,24389,23130,1259,72.3,52.4,buy,neutral
2021-12-07,ES,S&P 500 Consolidated - CHICAGO MERCANTILE EXCHANGE,502877,346949,383534,-36585,6.0,4.3,sell,bear
2021-12-07,NQ,NASDAQ-100 Consolidated - CHICAGO MERCANTILE EXCHANGE,50376,24877,29854,-4977,0.9,14.5,sell,bear
2021-12-07,YM,DJIA Consolidated - CHICAGO BOARD OF TRADE,51530,24306,22716,1590,74.8,54.2,buy,neutral
2021-12-14,ES,S&P 500 Consolidated - CHICAGO MERCANTILE EXCHANGE,550927,361666,402373,-40707,0.0,0.0,sell,bear
2021-12-14,NQ,NASDAQ-100 Consolidated - CHICAGO MERCANTILE EXCHANGE,53943,24814,31655,-6841,0.0,1.1,sell,bear
2021-12-14,YM,DJIA Consolidated - CHICAGO BOARD OF TRADE,60334,32911,31054,1857,76.8,55.7,buy,neutral
2021-12-21,ES,S&P 500 Consolidated - CHICAGO MERCANTILE EXCHANGE,452425,307607,343044,-35437,15.1,11.1,sell,bear
2021-12-21,NQ,NASDAQ-100 Consolidated - CHICAGO MERCANTILE EXCHANGE,41614,19278,24732,-5454,10.1,11.1,sell,bear
2021-12-21,YM,DJIA Consolidated - CHICAGO BOARD OF TRADE,45692,23675,21282,2393,80.8,58.6,buy,neutral
2021-12-28,ES,S&P 500 Consolidated - CHICAGO MERCANTILE EXCHANGE,457570,316531,344086,-27555,37.6,27.7,sell,neutral
2021-12-28,NQ,NASDAQ-100 Consolidated - CHICAGO MERCANTILE EXCHANGE,42219,20825,23832,-3007,27.9,28.7,sell,neutral
2021-12-28,YM,DJIA Consolidated - CHICAGO BOARD OF TRADE,48375,22982,23946,-964,55.5,40.3,sell,neutral
2022-01-04,ES,S&P 500 Consolidated - CHICAGO MERCANTILE EXCHANGE,459458,315568,346039,-30471,29.3,21.6,sell,neutral
2022-01-04,NQ,NASDAQ-100 Consolidated - CHICAGO MERCANTILE EXCHANGE,42186,19645,25024,-5379,10.6,11.6,sell,bear
2022-01-04,YM,DJIA Consolidated - CHICAGO BOARD OF TRADE,50879,21877,26462,-4585,28.3,20.5,sell,neutral
2022-01-11,ES,S&P 500 Consolidated - CHICAGO MERCANTILE EXCHANGE,456734,314238,341009,-26771,39.9,29.3,sell,neutral
2022-01-11,NQ,NASDAQ-100 Consolidated - CHICAGO MERCANTILE EXCHANGE,44044,19795,24396,-4601,16.3,17.2,sell,bear
2022-01-11,YM,DJIA Consolidated - CHICAGO BOARD OF TRADE,46567,22295,22477,-182,53.7,44.6,sell,neutral
2022-01-18,ES,S&P 500 Consolidated - CHICAGO MERCANTILE EXCHANGE,461996,311618,349319,-37701,8.6,6.3,sell,bear
2022-01-18,NQ,NASDAQ-100 Consolidated - CHICAGO MERCANTILE EXCHANGE,47162,20241,26177,-5936,6.6,7.6,sell,bear
2022-01-18,YM,DJIA Consolidated - CHICAGO BOARD OF TRADE,47351,25882,23463,2419,77.2,58.8,buy,neutral
2022-01-25,ES,S&P 500 Consolidated - CHICAGO MERCANTILE EXCHANGE,475771,316254,374081,-57827,0.0,0.0,sell,bear
2022-01-25,NQ,NASDAQ-100 Consolidated - CHICAGO MERCANTILE EXCHANGE,48669,21420,28431,-7011,0.0,0.0,sell,bear
2022-01-25,YM,DJIA Consolidated - CHICAGO BOARD OF TRADE,46318,24818,21815,3003,82.5,61.9,buy,neutral
2022-02-01,ES,S&P 500 Consolidated - CHICAGO MERCANTILE EXCHANGE,456794,311544,350852,-39308,35.6,28.7,sell,neutral
2022-02-01,NQ,NASDAQ-100 Consolidated - CHICAGO MERCANTILE EXCHANGE,47867,25125,22725,2400,67.7,67.7,buy,neutral
2022-02-01,YM,DJIA Consolidated - CHICAGO BOARD OF TRADE,43683,23622,19915,3707,87.0,65.8,buy,neutral
2022-02-08,ES,S&P 500 Consolidated - CHICAGO MERCANTILE EXCHANGE,445982,305275,345368,-40093,34.1,27.7,sell,neutral
2022-02-08,NQ,NASDAQ-100 Consolidated - CHICAGO MERCANTILE EXCHANGE,46753,25823,25166,657,55.2,55.2,buy,neutral
2022-02-08,RTY,RUSSELL E-MINI - CHICAGO MERCANTILE EXCHANGE,497652,387575,351729,35846,,,buy,neutral
2022-02-08,YM,DJIA Consolidated - CHICAGO BOARD OF TRADE,41397,21318,18515,2803,77.5,60.8,buy,neutral
2022-02-15,ES,S&P 500 Consolidated - CHICAGO MERCANTILE EXCHANGE,454053,305039,346163,-41124,32.1,27.2,sell,neutral
2022-02-15,NQ,NASDAQ-100 Consolidated - CHICAGO MERCANTILE EXCHANGE,47189,26328,25130,1198,76.8,59.1,buy,neutral
2022-02-15,RTY,RUSSELL E-MINI - CHICAGO MERCANTILE EXCHANGE,495518,388904,357508,31396,0.0,0.0,buy,bear
2022-02-15,YM,DJIA Consolidated - CHICAGO BOARD OF TRADE,40696,21996,18365,3631,86.2,65.4,buy,neutral
2022-02-22,ES,S&P 500 Consolidated - CHICAGO MERCANTILE EXCHANGE,474833,318727,366635,-47908,19.0,16.2,sell,bear
2022-02-22,NQ,NASDAQ-100 Consolidated - CHICAGO MERCANTILE EXCHANGE,51586,28351,29466,-1115,58.8,42.4,sell,neutral
2022-02-22,RTY,RUSSELL E-MINI - CHICAGO MERCANTILE EXCHANGE,509340,399706,373647,26059,0.0,0.0,buy,bear
2022-02-22,YM,DJIA Consolidated - CHICAGO BOARD OF TRADE,39796,22163,16925,5238,100.0,74.1,buy,neutral
2022-03-01,ES,S&P 500 Consolidated - CHICAGO MERCANTILE EXCHANGE,477498,328889,359860,-30971,51.6,43.8,sell,neutral
2022-03-01,NQ,NASDAQ-100 Consolidated - CHICAGO MERCANTILE EXCHANGE,49907,30685,28403,2282,98.7,66.9,buy,neutral
2022-03-01,RTY,RUSSELL E-MINI - CHICAGO MERCANTILE EXCHANGE,509940,416913,383265,33648,77.5,77.5,buy,neutral
2022-03-01,YM,DJIA Consolidated - CHICAGO BOARD OF TRADE,39034,23002,15415,7587,100.0,87.0,buy,bull
2022-03-08,ES,S&P 500 Consolidated - CHICAGO MERCANTILE EXCHANGE,487109,344107,368243,-24136,79.7,54.9,sell,neutral
2022-03-08,NQ,NASDAQ-100 Consolidated - CHICAGO MERCANTILE EXCHANGE,49602,27123,30001,-2878,43.9,29.7,sell,neutral
2022-03-08,RTY,RUSSELL E-MINI - CHICAGO MERCANTILE EXCHANGE,525504,432180,401630,30550,45.9,45.9,buy,neutral
2022-03-08,YM,DJIA Consolidated - CHICAGO BOARD OF TRADE,38780,24014,17250,6764,93.2,94.8,buy,bull
2022-03-15,ES,S&P 500 Consolidated - CHICAGO MERCANTILE EXCHANGE,516552,363716,386093,-22377,86.9,57.8,sell,neutral
2022-03-15,NQ,NASDAQ-100 Consolidated - CHICAGO MERCANTILE EXCHANGE,52947,29604,30599,-995,63.9,43.3,sell,neutral
2022-03-15,RTY,RUSSELL E-MINI - CHICAGO MERCANTILE EXCHANGE,582619,470797,435479,35318,94.6,94.6,buy,bull
2022-03-15,YM,DJIA Consolidated - CHICAGO BOARD OF TRADE,46279,30096,23036,7060,95.7,96.7,buy,bull
2022-03-22,ES,S&P 500 Consolidated - CHICAGO MERCANTILE EXCHANGE,422337,305773,294666,11107,100.0,100.0,buy,bull
2022-03-22,NQ,NASDAQ-100 Consolidated - CHICAGO MERCANTILE EXCHANGE,42562,24852,21518,3334,100.0,74.4,buy,neutral
2022-03-22,RTY,RUSSELL E-MINI - CHICAGO MERCANTILE EXCHANGE,483220,397517,348712,48805,100.0,100.0,buy,bull
2022-03-22,YM,DJIA Consolidated - CHICAGO BOARD OF TRADE,31512,19989,12234,7755,100.0,100.0,buy,bull
2022-03-29,ES,S&P 500 Consolidated - CHICAGO MERCANTILE EXCHANGE,424010,308367,296703,11664,100.0,100.0,buy,bull
2022-03-29,NQ,NASDAQ-100 Consolidated - CHICAGO MERCANTILE EXCHANGE,44664,28475,21668,6807,100.0,99.4,buy,bull
2022-03-29,RTY,RUSSELL E-MINI - CHICAGO MERCANTILE EXCHANGE,471412,392993,335496,57497,100.0,100.0,buy,bull
2022-03-29,YM,DJIA Consolidated - CHICAGO BOARD OF TRADE,32654,22903,12700,10203,100.0,100.0,buy,bull
2022-04-05,ES,S&P 500 Consolidated - CHICAGO MERCANTILE EXCHANGE,424471,303690,299681,4009,89.0,89.0,buy,bull
2022-04-05,NQ,NASDAQ-100 Consolidated - CHICAGO MERCANTILE EXCHANGE,46538,28237,22988,5249,88.7,88.2,buy,bull
2022-04-05,RTY,RUSSELL E-MINI - CHICAGO MERCANTILE EXCHANGE,470730,393081,334307,58774,100.0,100.0,buy,bull
2022-04-05,YM,DJIA Consolidated - CHICAGO BOARD OF TRADE,33316,21962,12979,8983,91.8,93.4,buy,bull
2022-04-12,ES,S&P 500 Consolidated - CHICAGO MERCANTILE EXCHANGE,431393,307681,320711,-13030,64.5,64.5,sell,neutral
2022-04-12,NQ,NASDAQ-100 Consolidated - CHICAGO MERCANTILE EXCHANGE,45660,25305,25282,23,50.9,50.6,buy,neutral
2022-04-12,RTY,RUSSELL E-MINI - CHICAGO MERCANTILE EXCHANGE,469947,389899,345297,44602,56.7,56.7,buy,neutral
2022-04-12,YM,DJIA Consolidated - CHICAGO BOARD OF TRADE,35593,25092,13310,11782,100.0,100.0,buy,bull
2022-04-19,ES,S&P 500 Consolidated - CHICAGO MERCANTILE EXCHANGE,431759,307608,320797,-13189,64.2,64.2,sell,neutral
2022-04-19,NQ,NASDAQ-100 Consolidated - CHICAGO MERCANTILE EXCHANGE,47422,27152,26318,834,56.8,56.4,buy,neutral
2022-04-19,RTY,RUSSELL E-MINI - CHICAGO MERCANTILE EXCHANGE,462879,380222,338361,41861,48.3,48.3,buy,neutral
2022-04-19,YM,DJIA Consolidated - CHICAGO BOARD OF TRADE,38811,23674,15572,8102,77.5,81.7,buy,bull
2022-04-26,ES,S&P 500 Consolidated - CHICAGO MERCANTILE EXCHANGE,438339,303028,328198,-25170,47.0,47.0,sell,neutral
2022-04-26,NQ,NASDAQ-100 Consolidated - CHICAGO MERCANTILE EXCHANGE,47395,25237,27182,-1945,36.7,36.4,sell,neutral
2022-04-26,RTY,RUSSELL E-MINI - CHICAGO MERCANTILE EXCHANGE,485140,401372,352943,48429,68.4,68.4,buy,neutral
2022-04-26,YM,DJIA Consolidated - CHICAGO BOARD OF TRADE,42232,28617,17615,11002,95.2,96.1,buy,bull
2022-05-03,ES,S&P 500 Consolidated - CHICAGO MERCANTILE EXCHANGE,441735,308604,320363,-11759,66.3,66.3,sell,neutral
2022-05-03,NQ,NASDAQ-100 Consolidated - CHICAGO MERCANTILE EXCHANGE,45344,24758,26032,-1274,41.5,41.3,sell,neutral
2022-05-03,RTY,RUSSELL E-MINI - CHICAGO MERCANTILE EXCHANGE,494389,413078,365663,47415,65.3,65.3,buy,neutral
2022-05-03,YM,DJIA Consolidated - CHICAGO BOARD OF TRADE,39724,26259,16738,9521,86.2,88.8,buy,bull
2022-05-10,ES,S&P 500 Consolidated - CHICAGO MERCANTILE EXCHANGE,452391,309973,333335,-23362,49.6,49.6,sell,neutral
2022-05-10,NQ,NASDAQ-100 Consolidated - CHICAGO MERCANTILE EXCHANGE,49984,27779,29399,-1620,39.0,38.8,sell,neutral
2022-05-10,RTY,RUSSELL E-MINI - CHICAGO MERCANTILE EXCHANGE,524949,453710,379176,74534,100.0,100.0,buy,bull
2022-05-10,YM,DJIA Consolidated - CHICAGO BOARD OF TRADE,41470,27940,16153,11787,100.0,100.0,buy,bull
2022-05-17,ES,S&P 500 Consolidated - CHICAGO MERCANTILE EXCHANGE,450422,319712,330245,-10533,68.1,68.1,sell,neutral
2022-05-17,NQ,NASDAQ-100 Consolidated - CHICAGO MERCANTILE EXCHANGE,48711,26504,28351,-1847,37.4,37.1,sell,neutral
2022-05-17,RTY,RUSSELL E-MINI - CHICAGO MERCANTILE EXCHANGE,527331,456101,382018,74083,99.1,99.1,buy,bull
2022-05-17,YM,DJIA Consolidated - CHICAGO BOARD OF TRADE,40099,26637,13788,12849,100.0,100.0,buy,bull
2022-05-24,ES,S&P 500 Consolidated - CHICAGO MERCANTILE EXCHANGE,452434,322699,328463,-5764,74.9,74.9,sell,neutral
2022-05-24,NQ,NASDAQ-100 Consolidated - CHICAGO MERCANTILE EXCHANGE,51049,27760,29980,-2220,34.7,34.5,sell,neutral
2022-05-24,RTY,RUSSELL E-MINI - CHICAGO MERCANTILE EXCHANGE,537973,466955,389827,77128,100.0,100.0,buy,bull
2022-05-24,YM,DJIA Consolidated - CHICAGO BOARD OF TRADE,41510,27878,14743,13135,100.0,100.0,buy,bull
2022-05-31,ES,S&P 500 Consolidated - CHICAGO MERCANTILE EXCHANGE,452093,327558,327011,547,84.0,84.0,buy,bull
2022-05-31,NQ,NASDAQ-100 Consolidated - CHICAGO MERCANTILE EXCHANGE,52616,30523,29748,775,56.3,56.0,buy,neutral
2022-05-31,RTY,RUSSELL E-MINI - CHICAGO MERCANTILE EXCHANGE,540537,468833,387284,81549,100.0,100.0,buy,bull
2022-05-31,YM,DJIA Consolidated - CHICAGO BOARD OF TRADE,42241,29405,14527,14878,100.0,100.0,buy,bull
2022-06-07,ES,S&P 500 Consolidated - CHICAGO MERCANTILE EXCHANGE,453484,329703,319331,10372,98.1,98.1,buy,bull
2022-06-07,NQ,NASDAQ-100 Consolidated - CHICAGO MERCANTILE EXCHANGE,53659,29542,29737,-195,49.3,49.0,sell,neutral
2022-06-07,RTY,RUSSELL E-MINI - CHICAGO MERCANTILE EXCHANGE,551907,476910,399464,77446,92.6,92.6,buy,bull
2022-06-07,YM,DJIA Consolidated - CHICAGO BOARD OF TRADE,40205,26840,13583,13257,91.7,93.0,buy,bull
2022-06-14,ES,S&P 500 Consolidated - CHICAGO MERCANTILE EXCHANGE,530880,365777,371550,-5773,74.9,74.9,sell,neutral
2022-06-14,NQ,NASDAQ-100 Consolidated - CHICAGO MERCANTILE EXCHANGE,60453,31271,35457,-4186,20.4,20.3,sell,neutral
2022-06-14,RTY,RUSSELL E-MINI - CHICAGO MERCANTILE EXCHANGE,635997,548072,458746,89326,100.0,100.0,buy,bull
2022-06-14,YM,DJIA Consolidated - CHICAGO BOARD OF TRADE,46792,30968,18752,12216,86.3,88.5,buy,bull
2022-06-21,ES,S&P 500 Consolidated - CHICAGO MERCANTILE EXCHANGE,452401,342611,313771,28840,100.0,100.0,buy,bull
2022-06-21,NQ,NASDAQ-100 Consolidated - CHICAGO MERCANTILE EXCHANGE,47325,22183,27700,-5517,10.8,10.7,sell,bear
2022-06-21,RTY,RUSSELL E-MINI - CHICAGO MERCANTILE EXCHANGE,569541,502812,394922,107890,100.0,100.0,buy,bull
2022-06-21,YM,DJIA Consolidated - CHICAGO BOARD OF TRADE,34512,24083,9615,14468,97.9,98.2,buy,bull
2022-06-28,ES,S&P 500 Consolidated - CHICAGO MERCANTILE EXCHANGE,449754,345238,311557,33681,100.0,100.0,buy,bull
2022-06-28,NQ,NASDAQ-100 Consolidated - CHICAGO MERCANTILE EXCHANGE,49609,25754,29740,-3986,21.9,21.8,sell,neutral
2022-06-28,RTY,RUSSELL E-MINI - CHICAGO MERCANTILE EXCHANGE,570497,503528,393546,109982,100.0,100.0,buy,bull
2022-06-28,YM,DJIA Consolidated - CHICAGO BOARD OF TRADE,33380,23545,8707,14838,99.8,99.8,buy,bull
2022-07-05,ES,S&P 500 Consolidated - CHICAGO MERCANTILE EXCHANGE,461848,358209,313884,44325,100.0,100.0,buy,bull
2022-07-05,NQ,NASDAQ-100 Consolidated - CHICAGO MERCANTILE EXCHANGE,51890,27437,32621,-5184,13.2,13.1,sell,bear
2022-07-05,RTY,RUSSELL E-MINI - CHICAGO MERCANTILE EXCHANGE,587115,517591,394058,123533,100.0,100.0,buy,bull
2022-07-05,YM,DJIA Consolidated - CHICAGO BOARD OF TRADE,33719,22713,8936,13777,92.7,95.3,buy,bull
2022-07-12,ES,S&P 500 Consolidated - CHICAGO MERCANTILE EXCHANGE,463516,360458,310920,49538,100.0,100.0,buy,bull
2022-07-12,NQ,NASDAQ-100 Consolidated - CHICAGO MERCANTILE EXCHANGE,50852,28155,30073,-1918,36.9,36.6,sell,neutral
2022-07-12,RTY,RUSSELL E-MINI - CHICAGO MERCANTILE EXCHANGE,587970,523195,399197,123998,100.0,100.0,buy,bull
2022-07-12,YM,DJIA Consolidated - CHICAGO BOARD OF TRADE,33627,21614,8796,12818,83.5,90.2,buy,bull
2022-07-19,ES,S&P 500 Consolidated - CHICAGO MERCANTILE EXCHANGE,467064,358549,305280,53269,100.0,100.0,buy,bull
2022-07-19,NQ,NASDAQ-100 Consolidated - CHICAGO MERCANTILE EXCHANGE,51278,27818,31729,-3911,22.4,22.3,sell,neutral
2022-07-19,RTY,RUSSELL E-MINI - CHICAGO MERCANTILE EXCHANGE,580952,503449,397581,105868,81.5,81.5,buy,bull
2022-07-19,YM,DJIA Consolidated - CHICAGO BOARD OF TRADE,35639,21334,10842,10492,63.7,79.1,buy,neutral
2022-07-26,ES,S&P 500 Consolidated - CHICAGO MERCANTILE EXCHANGE,464565,359033,301015,58018,100.0,100.0,buy,bull
2022-07-26,NQ,NASDAQ-100 Consolidated - CHICAGO MERCANTILE EXCHANGE,53432,28504,33599,-5095,3.4,13.8,sell,bear
2022-07-26,RTY,RUSSELL E-MINI - CHICAGO MERCANTILE EXCHANGE,570668,502434,392425,110009,85.7,85.7,buy,bull
2022-07-26,YM,DJIA Consolidated - CHICAGO BOARD OF TRADE,36644,23452,9899,13553,89.0,93.7,buy,bull
2022-08-02,ES,S&P 500 Consolidated - CHICAGO MERCANTILE EXCHANGE,462133,357351,298724,58627,100.0,100.0,buy,bull
2022-08-02,NQ,NASDAQ-100 Consolidated - CHICAGO MERCANTILE EXCHANGE,52465,29955,31773,-1818,30.0,37.4,sell,neutral
2022-08-02,RTY,RUSSELL E-MINI - CHICAGO MERCANTILE EXCHANGE,555976,497844,374361,123483,99.5,99.5,buy,bull
2022-08-02,YM,DJIA Consolidated - CHICAGO BOARD OF TRADE,36310,22693,11213,11480,71.9,82.5,buy,bull
2022-08-09,ES,S&P 500 Consolidated - CHICAGO MERCANTILE EXCHANGE,459878,357060,294611,62449,100.0,100.0,buy,bull
2022-08-09,NQ,NASDAQ-100 Consolidated - CHICAGO MERCANTILE EXCHANGE,51757,29941,30174,-233,42.9,48.8,sell,neutral
2022-08-09,RTY,RUSSELL E-MINI - CHICAGO MERCANTILE EXCHANGE,544205,488823,371360,117463,93.3,93.3,buy,bull
2022-08-09,YM,DJIA Consolidated - CHICAGO BOARD OF TRADE,37697,22264,13680,8584,44.0,67.7,buy,neutral
2022-08-16,ES,S&P 500 Consolidated - CHICAGO MERCANTILE EXCHANGE,469245,365220,294377,70843,100.0,100.0,buy,bull
2022-08-16,NQ,NASDAQ-100 Consolidated - CHICAGO MERCANTILE EXCHANGE,53559,30863,27759,3104,70.0,73.2,buy,neutral
2022-08-16,RTY,RUSSELL E-MINI - CHICAGO MERCANTILE EXCHANGE,527821,466874,348507,118367,94.3,94.3,buy,bull
2022-08-16,YM,DJIA Consolidated - CHICAGO BOARD OF TRADE,40519,21898,17215,4683,0.0,47.6,buy,neutral
2022-08-23,ES,S&P 500 Consolidated - CHICAGO MERCANTILE EXCHANGE,465908,362348,296665,65683,94.9,96.0,buy,bull
2022-08-23,NQ,NASDAQ-100 Consolidated - CHICAGO MERCANTILE EXCHANGE,52432,28217,32012,-3795,14.0,23.3,sell,neutral
2022-08-23,RTY,RUSSELL E-MINI - CHICAGO MERCANTILE EXCHANGE,519593,450387,353397,96990,71.1,72.4,buy,neutral
2022-08-23,YM,DJIA Consolidated - CHICAGO BOARD OF TRADE,40390,20977,18517,2460,0.0,36.2,buy,neutral
2022-08-30,ES,S&P 500 Consolidated - CHICAGO MERCANTILE EXCHANGE,465991,360154,297791,62363,91.2,93.4,buy,bull
2022-08-30,NQ,NASDAQ-100 Consolidated - CHICAGO MERCANTILE EXCHANGE,52728,29677,30247,-570,40.1,46.6,sell,neutral
2022-08-30,RTY,RUSSELL E-MINI - CHICAGO MERCANTILE EXCHANGE,524244,455296,363014,92282,66.1,67.6,buy,neutral
2022-08-30,YM,DJIA Consolidated - CHICAGO BOARD OF TRADE,38715,19003,17489,1514,0.0,31.3,buy,neutral
2022-09-06,ES,S&P 500 Consolidated - CHICAGO MERCANTILE EXCHANGE,462858,357842,297586,60256,89.0,91.8,buy,bull
2022-09-06,NQ,NASDAQ-100 Consolidated - CHICAGO MERCANTILE EXCHANGE,57351,32043,31669,374,47.8,53.4,buy,neutral
2022-09-06,RTY,RUSSELL E-MINI - CHICAGO MERCANTILE EXCHANGE,542267,466378,369564,96814,69.3,72.2,buy,neutral
2022-09-06,YM,DJIA Consolidated - CHICAGO BOARD OF TRADE,38363,20307,15114,5193,27.5,50.2,buy,neutral
2022-09-13,ES,S&P 500 Consolidated - CHICAGO MERCANTILE EXCHANGE,520609,397277,323220,74057,100.0,100.0,buy,bull
2022-09-13,NQ,NASDAQ-100 Consolidated - CHICAGO MERCANTILE EXCHANGE,62994,36688,33579,3109,70.0,73.2,buy,neutral
2022-09-13,RTY,RUSSELL E-MINI - CHICAGO MERCANTILE EXCHANGE,584370,504080,396334,107746,80.2,83.4,buy,bull
2022-09-13,YM,DJIA Consolidated - CHICAGO BOARD OF TRADE,46289,26649,19888,6761,39.3,58.3,buy,neutral
2022-09-20,ES,S&P 500 Consolidated - CHICAGO MERCANTILE EXCHANGE,428204,336388,273649,62739,88.6,91.4,buy,bull
2022-09-20,NQ,NASDAQ-100 Consolidated - CHICAGO MERCANTILE EXCHANGE,54363,33124,28807,4317,79.8,82.0,buy,bull
2022-09-20,RTY,RUSSELL E-MINI - CHICAGO MERCANTILE EXCHANGE,530373,470319,362439,107880,80.4,83.5,buy,bull
2022-09-20,YM,DJIA Consolidated - CHICAGO BOARD OF TRADE,32745,19120,11200,7920,47.9,64.3,buy,neutral
2022-09-27,ES,S&P 500 Consolidated - CHICAGO MERCANTILE EXCHANGE,446776,343514,296921,46593,72.3,79.2,buy,neutral
2022-09-27,NQ,NASDAQ-100 Consolidated - CHICAGO MERCANTILE EXCHANGE,56411,34070,29176,4894,96.7,86.2,buy,bull
2022-09-27,RTY,RUSSELL E-MINI - CHICAGO MERCANTILE EXCHANGE,549389,479622,372286,107336,79.7,83.0,buy,bull
2022-09-27,YM,DJIA Consolidated - CHICAGO BOARD OF TRADE,33528,20316,10102,10214,65.1,76.0,buy,neutral
2022-10-04,ES,S&P 500 Consolidated - CHICAGO MERCANTILE EXCHANGE,452257,346476,297047,49429,75.2,81.3,buy,bull
2022-10-04,NQ,NASDAQ-100 Consolidated - CHICAGO MERCANTILE EXCHANGE,54434,32177,27911,4266,94.0,81.6,buy,bull
2022-10-04,RTY,RUSSELL E-MINI - CHICAGO MERCANTILE EXCHANGE,557855,479483,381252,98231,68.6,73.7,buy,neutral
2022-10-04,YM,DJIA Consolidated - CHICAGO BOARD OF TRADE,33326,19467,10893,8574,52.8,67.6,buy,neutral
2022-10-11,ES,S&P 500 Consolidated - CHICAGO MERCANTILE EXCHANGE,455559,345720,306674,39046,64.7,73.5,buy,neutral
2022-10-11,NQ,NASDAQ-100 Consolidated - CHICAGO MERCANTILE EXCHANGE,56257,31259,29365,1894,71.2,64.4,buy,neutral
2022-10-11,RTY,RUSSELL E-MINI - CHICAGO MERCANTILE EXCHANGE,564078,476764,390102,86662,54.5,61.9,buy,neutral
2022-10-11,YM,DJIA Consolidated - CHICAGO BOARD OF TRADE,32966,18743,10436,8307,50.8,66.2,buy,neutral
2022-10-18,ES,S&P 500 Consolidated - CHICAGO MERCANTILE EXCHANGE,467313,358913,307190,51723,77.5,83.1,buy,bull
2022-10-18,NQ,NASDAQ-100 Consolidated - CHICAGO MERCANTILE EXCHANGE,54878,30965,28524,2441,76.4,68.4,buy,neutral
2022-10-18,RTY,RUSSELL E-MINI - CHICAGO MERCANTILE EXCHANGE,535808,443284,368801,74483,35.3,49.4,buy,neutral
2022-10-18,YM,DJIA Consolidated - CHICAGO BOARD OF TRADE,34618,21621,11255,10366,66.2,76.8,buy,neutral
2022-10-25,ES,S&P 500 Consolidated - CHICAGO MERCANTILE EXCHANGE,472365,361153,311623,49530,74.8,81.4,buy,bull
2022-10-25,NQ,NASDAQ-100 Consolidated - CHICAGO MERCANTILE EXCHANGE,56318,32164,30035,2129,73.4,66.1,buy,neutral
2022-10-25,RTY,RUSSELL E-MINI - CHICAGO MERCANTILE EXCHANGE,523610,427328,353374,73954,34.7,48.9,buy,neutral
2022-10-25,YM,DJIA Consolidated - CHICAGO BOARD OF TRADE,35360,21273,11893,9380,58.9,71.8,buy,neutral
2022-11-01,ES,S&P 500 Consolidated - CHICAGO MERCANTILE EXCHANGE,467342,349418,309950,39468,64.5,73.8,buy,neutral
2022-11-01,NQ,NASDAQ-100 Consolidated - CHICAGO MERCANTILE EXCHANGE,56493,33388,27574,5814,100.0,92.8,buy,bull
2022-11-01,RTY,RUSSELL E-MINI - CHICAGO MERCANTILE EXCHANGE,499310,396499,351729,44770,0.0,19.1,buy,bear
2022-11-01,YM,DJIA Consolidated - CHICAGO BOARD OF TRADE,37908,21704,13640,8064,49.0,65.0,buy,neutral
2022-11-08,ES,S&P 500 Consolidated - CHICAGO MERCANTILE EXCHANGE,463779,346942,307295,39647,59.3,73.9,buy,neutral
2022-11-08,NQ,NASDAQ-100 Consolidated - CHICAGO MERCANTILE EXCHANGE,54611,30884,27655,3229,77.2,74.1,buy,neutral
2022-11-08,RTY,RUSSELL E-MINI - CHICAGO MERCANTILE EXCHANGE,494633,401768,344185,57583,16.2,32.2,buy,neutral
2022-11-08,YM,DJIA Consolidated - CHICAGO BOARD OF TRADE,38875,21843,13965,7878,47.6,64.0,buy,neutral
2022-11-15,ES,S&P 500 Consolidated - CHICAGO MERCANTILE EXCHANGE,468702,351219,310592,40627,58.1,74.7,buy,neutral
2022-11-15,NQ,NASDAQ-100 Consolidated - CHICAGO MERCANTILE EXCHANGE,53686,31865,29196,2669,72.2,70.1,buy,neutral
2022-11-15,RTY,RUSSELL E-MINI - CHICAGO MERCANTILE EXCHANGE,466354,388943,327627,61316,20.9,36.0,buy,neutral
2022-11-15,YM,DJIA Consolidated - CHICAGO BOARD OF TRADE,36917,22792,14642,8150,49.7,65.4,buy,neutral
2022-11-22,ES,S&P 500 Consolidated - CHICAGO MERCANTILE EXCHANGE,460815,345287,306250,39037,56.1,73.4,buy,neutral
2022-11-22,NQ,NASDAQ-100 Consolidated - CHICAGO MERCANTILE EXCHANGE,50542,29033,28344,689,54.8,55.7,buy,neutral
2022-11-22,RTY,RUSSELL E-MINI - CHICAGO MERCANTILE EXCHANGE,474924,397227,337836,59391,18.5,34.0,buy,neutral
2022-11-22,YM,DJIA Consolidated - CHICAGO BOARD OF TRADE,39633,22581,15510,7071,41.6,59.9,buy,neutral
2022-11-29,ES,S&P 500 Consolidated - CHICAGO MERCANTILE EXCHANGE,462905,348139,307802,40337,57.8,74.4,buy,neutral
2022-11-29,NQ,NASDAQ-100 Consolidated - CHICAGO MERCANTILE EXCHANGE,50849,29275,29286,-11,48.6,50.7,sell,neutral
2022-11-29,RTY,RUSSELL E-MINI - CHICAGO MERCANTILE EXCHANGE,473882,394460,341575,52885,10.2,27.4,buy,neutral
2022-11-29,YM,DJIA Consolidated - CHICAGO BOARD OF TRADE,39542,21943,15503,6440,37.0,56.6,buy,neutral
2022-12-06,ES,S&P 500 Consolidated - CHICAGO MERCANTILE EXCHANGE,457538,345693,306369,39324,56.5,73.7,buy,neutral
2022-12-06,NQ,NASDAQ-100 Consolidated - CHICAGO MERCANTILE EXCHANGE,50020,28067,29071,-1004,39.8,43.5,sell,neutral
2022-12-06,RTY,RUSSELL E-MINI - CHICAGO MERCANTILE EXCHANGE,482440,407109,339848,67261,28.4,42.1,buy,neutral
2022-12-06,YM,DJIA Consolidated - CHICAGO BOARD OF TRADE,40889,22378,12829,9549,60.3,72.6,buy,neutral
2022-12-13,ES,S&P 500 Consolidated - CHICAGO MERCANTILE EXCHANGE,495428,363384,320839,42545,30.3,76.1,buy,neutral
2022-12-13,NQ,NASDAQ-100 Consolidated - CHICAGO MERCANTILE EXCHANGE,62597,36661,39217,-2556,26.1,32.2,sell,neutral
2022-12-13,RTY,RUSSELL E-MINI - CHICAGO MERCANTILE EXCHANGE,519430,426831,369184,57647,16.3,32.3,buy,neutral
2022-12-13,YM,DJIA Consolidated - CHICAGO BOARD OF TRADE,53227,29739,19614,10125,64.6,75.6,buy,neutral
2022-12-20,ES,S&P 500 Consolidated - CHICAGO MERCANTILE EXCHANGE,397369,292304,260160,32144,0.0,68.2,buy,neutral
2022-12-20,NQ,NASDAQ-100 Consolidated - CHICAGO MERCANTILE EXCHANGE,49009,28542,28799,-257,44.8,48.9,sell,neutral
2022-12-20,RTY,RUSSELL E-MINI - CHICAGO MERCANTILE EXCHANGE,438415,360598,303546,57052,15.5,31.6,buy,neutral
2022-12-20,YM,DJIA Consolidated - CHICAGO BOARD OF TRADE,36303,17529,12343,5186,27.6,50.2,buy,neutral
2022-12-27,ES,S&P 500 Consolidated - CHICAGO MERCANTILE EXCHANGE,392262,289456,253659,35797,8.7,71.0,buy,neutral
2022-12-27,NQ,NASDAQ-100 Consolidated - CHICAGO MERCANTILE EXCHANGE,50156,29319,28736,583,52.4,55.0,buy,neutral
2022-12-27,RTY,RUSSELL E-MINI - CHICAGO MERCANTILE EXCHANGE,434774,365942,296427,69515,31.2,44.4,buy,neutral
2022-12-27,YM,DJIA Consolidated - CHICAGO BOARD OF TRADE,37475,18822,11343,7479,48.6,62.0,buy,neutral
2023-01-03,ES,S&P 500 Consolidated - CHICAGO MERCANTILE EXCHANGE,402199,294962,261652,33310,2.8,69.1,buy,neutral
2023-01-03,NQ,NASDAQ-100 Consolidated - CHICAGO MERCANTILE EXCHANGE,48932,29143,28307,836,54.4,56.8,buy,neutral
2023-01-03,RTY,RUSSELL E-MINI - CHICAGO MERCANTILE EXCHANGE,434205,363125,298046,65079,25.6,39.8,buy,neutral
2023-01-03,YM,DJIA Consolidated - CHICAGO BOARD OF TRADE,39866,20450,12431,8019,54.0,54.5,buy,neutral
2023-01-10,ES,S&P 500 Consolidated - CHICAGO MERCANTILE EXCHANGE,406513,302587,262000,40587,20.1,74.6,buy,neutral
2023-01-10,NQ,NASDAQ-100 Consolidated - CHICAGO MERCANTILE EXCHANGE,50725,31206,28421,2785,72.2,70.9,buy,neutral
2023-01-10,RTY,RUSSELL E-MINI - CHICAGO MERCANTILE EXCHANGE,432408,357515,302976,54539,12.4,29.1,buy,neutral
2023-01-10,YM,DJIA Consolidated - CHICAGO BOARD OF TRADE,38814,18560,12237,6323,39.9,36.0,buy,neutral
2023-01-17,ES,S&P 500 Consolidated - CHICAGO MERCANTILE EXCHANGE,411294,303624,257392,46232,33.6,78.9,buy,neutral
2023-01-17,NQ,NASDAQ-100 Consolidated - CHICAGO MERCANTILE EXCHANGE,55003,34585,28476,6109,100.0,94.9,buy,bull
2023-01-17,RTY,RUSSELL E-MINI - CHICAGO MERCANTILE EXCHANGE,428935,354698,295275,59423,18.6,34.1,buy,neutral
2023-01-17,YM,DJIA Consolidated - CHICAGO BOARD OF TRADE,41330,19974,13829,6145,38.5,34.7,buy,neutral
2023-01-24,ES,S&P 500 Consolidated - CHICAGO MERCANTILE EXCHANGE,404887,297126,256573,40553,20.1,72.5,buy,neutral
2023-01-24,NQ,NASDAQ-100 Consolidated - CHICAGO MERCANTILE EXCHANGE,54777,34722,27306,7416,100.0,100.0,buy,bull
2023-01-24,RTY,RUSSELL E-MINI - CHICAGO MERCANTILE EXCHANGE,423664,354541,293258,61283,21.0,36.0,buy,neutral
2023-01-24,YM,DJIA Consolidated - CHICAGO BOARD OF TRADE,38826,19750,13637,6113,46.1,34.4,buy,neutral
2023-01-31,ES,S&P 500 Consolidated - CHICAGO MERCANTILE EXCHANGE,412284,303814,256857,46957,35.3,77.8,buy,neutral
2023-01-31,NQ,NASDAQ-100 Consolidated - CHICAGO MERCANTILE EXCHANGE,55690,36620,30209,6411,91.0,92.2,buy,bull
2023-01-31,RTY,RUSSELL E-MINI - CHICAGO MERCANTILE EXCHANGE,430828,356143,299000,57143,16.8,31.7,buy,neutral
2023-01-31,YM,DJIA Consolidated - CHICAGO BOARD OF TRADE,40193,20937,14899,6038,51.1,33.9,buy,neutral
2023-02-07,ES,S&P 500 Consolidated - CHICAGO MERCANTILE EXCHANGE,410617,302763,259787,42976,25.8,74.5,buy,neutral
2023-02-07,NQ,NASDAQ-100 Consolidated - CHICAGO MERCANTILE EXCHANGE,55861,37356,31326,6030,87.6,89.3,buy,bull
2023-02-07,RTY,RUSSELL E-MINI - CHICAGO MERCANTILE EXCHANGE,437574,367319,301425,65894,28.7,40.7,buy,neutral
2023-02-07,YM,DJIA Consolidated - CHICAGO BOARD OF TRADE,43150,21743,17566,4177,30.1,19.9,buy,bear
2023-02-14,ES,S&P 500 Consolidated - CHICAGO MERCANTILE EXCHANGE,415269,305776,255549,50227,43.1,80.5,buy,bull
2023-02-14,NQ,NASDAQ-100 Consolidated - CHICAGO MERCANTILE EXCHANGE,55237,36853,28186,8667,100.0,100.0,buy,bull
2023-02-14,RTY,RUSSELL E-MINI - CHICAGO MERCANTILE EXCHANGE,434568,360566,304031,56535,18.6,31.1,buy,neutral
2023-02-14,YM,DJIA Consolidated - CHICAGO BOARD OF TRADE,43725,21295,16232,5063,40.1,26.6,buy,neutral
2023-02-21,ES,S&P 500 Consolidated - CHICAGO MERCANTILE EXCHANGE,414897,308505,260274,48231,38.4,75.4,buy,neutral
2023-02-21,NQ,NASDAQ-100 Consolidated - CHICAGO MERCANTILE EXCHANGE,53659,34077,27153,6924,84.5,87.7,buy,bull
2023-02-21,RTY,RUSSELL E-MINI - CHICAGO MERCANTILE EXCHANGE,434533,355135,306277,48858,6.5,19.6,buy,bear
2023-02-21,YM,DJIA Consolidated - CHICAGO BOARD OF TRADE,45644,22991,14194,8797,82.3,54.5,buy,neutral
2023-02-28,ES,S&P 500 Consolidated - CHICAGO MERCANTILE EXCHANGE,422632,313251,276277,36974,11.5,62.6,buy,neutral
2023-02-28,NQ,NASDAQ-100 Consolidated - CHICAGO MERCANTILE EXCHANGE,53651,34864,26464,8400,97.6,98.1,buy,bull
2023-02-28,RTY,RUSSELL E-MINI - CHICAGO MERCANTILE EXCHANGE,440142,360523,319149,41374,0.0,11.6,buy,bear
2023-02-28,YM,DJIA Consolidated - CHICAGO BOARD OF TRADE,44956,23590,14889,8701,73.1,53.8,buy,neutral
2023-03-07,ES,S&P 500 Consolidated - CHICAGO MERCANTILE EXCHANGE,426634,324462,276926,47536,36.7,73.3,buy,neutral
2023-03-07,NQ,NASDAQ-100 Consolidated - CHICAGO MERCANTILE EXCHANGE,52162,33021,25806,7215,87.1,89.8,buy,bull
2023-03-07,RTY,RUSSELL E-MINI - CHICAGO MERCANTILE EXCHANGE,440865,366821,321735,45086,5.6,11.0,buy,bear
2023-03-07,YM,DJIA Consolidated - CHICAGO BOARD OF TRADE,44709,24340,15536,8804,74.8,54.5,buy,neutral
2023-03-14,ES,S&P 500 Consolidated - CHICAGO MERCANTILE EXCHANGE,510197,374017,337377,36640,14.7,62.3,buy,neutral
2023-03-14,NQ,NASDAQ-100 Consolidated - CHICAGO MERCANTILE EXCHANGE,61292,38176,31166,7010,85.2,88.3,buy,bull
2023-03-14,RTY,RUSSELL E-MINI - CHICAGO MERCANTILE EXCHANGE,581634,488528,439097,49431,12.1,9.8,buy,bear
2023-03-14,YM,DJIA Consolidated - CHICAGO BOARD OF TRADE,52119,33726,20465,13261,100.0,87.9,buy,bull
2023-03-21,ES,S&P 500 Consolidated - CHICAGO MERCANTILE EXCHANGE,429801,336264,282973,53291,100.0,79.1,buy,neutral
2023-03-21,NQ,NASDAQ-100 Consolidated - CHICAGO MERCANTILE EXCHANGE,42975,25401,22029,3372,52.8,62.7,buy,neutral
2023-03-21,RTY,RUSSELL E-MINI - CHICAGO MERCANTILE EXCHANGE,480489,411188,366494,44694,5.0,4.0,buy,bear
2023-03-21,YM,DJIA Consolidated - CHICAGO BOARD OF TRADE,40874,27581,12549,15032,100.0,100.0,buy,bull
2023-03-28,ES,S&P 500 Consolidated - CHICAGO MERCANTILE EXCHANGE,428446,334761,280566,54195,100.0,80.0,buy,bull
2023-03-28,NQ,NASDAQ-100 Consolidated - CHICAGO MERCANTILE EXCHANGE,44015,26474,23505,2969,49.2,59.8,buy,neutral
2023-03-28,RTY,RUSSELL E-MINI - CHICAGO MERCANTILE EXCHANGE,478841,407849,364347,43502,3.7,2.6,buy,bear
2023-03-28,YM,DJIA Consolidated - CHICAGO BOARD OF TRADE,38175,26752,10467,16285,100.0,100.0,buy,bull
2023-04-04,ES,S&P 500 Consolidated - CHICAGO MERCANTILE EXCHANGE,443902,338081,281787,56294,100.0,82.1,buy,bull
2023-04-04,NQ,NASDAQ-100 Consolidated - CHICAGO MERCANTILE EXCHANGE,46437,27551,25040,2511,45.1,56.6,buy,neutral
2023-04-04,RTY,RUSSELL E-MINI - CHICAGO MERCANTILE EXCHANGE,490740,419111,357168,61943,45.4,24.9,buy,neutral
2023-04-04,YM,DJIA Consolidated - CHICAGO BOARD OF TRADE,44146,30157,13847,16310,100.0,100.0,buy,bull
2023-04-11,ES,S&P 500 Consolidated - CHICAGO MERCANTILE EXCHANGE,449694,349976,281573,68403,100.0,94.3,buy,bull
2023-04-11,NQ,NASDAQ-100 Consolidated - CHICAGO MERCANTILE EXCHANGE,47494,28995,27411,1584,36.9,50.1,buy,neutral
2023-04-11,RTY,RUSSELL E-MINI - CHICAGO MERCANTILE EXCHANGE,491143,408764,361963,46801,16.4,6.6,buy,bear
2023-04-11,YM,DJIA Consolidated - CHICAGO BOARD OF TRADE,45132,30383,16340,14043,81.3,84.7,buy,bull
2023-04-18,ES,S&P 500 Consolidated - CHICAGO MERCANTILE EXCHANGE,455664,352872,280906,71966,100.0,97.9,buy,bull
2023-04-18,NQ,NASDAQ-100 Consolidated - CHICAGO MERCANTILE EXCHANGE,49012,29438,28155,1283,34.2,47.9,buy,neutral
2023-04-18,RTY,RUSSELL E-MINI - CHICAGO MERCANTILE EXCHANGE,503787,422606,358132,64474,70.9,28.0,buy,neutral
2023-04-18,YM,DJIA Consolidated - CHICAGO BOARD OF TRADE,48031,32153,17480,14673,86.5,88.9,buy,bull
2023-04-25,ES,S&P 500 Consolidated - CHICAGO MERCANTILE EXCHANGE,453159,349486,272158,77328,100.0,100.0,buy,bull
2023-04-25,NQ,NASDAQ-100 Consolidated - CHICAGO MERCANTILE EXCHANGE,49531,28541,27848,693,28.9,43.8,buy,neutral
2023-04-25,RTY,RUSSELL E-MINI - CHICAGO MERCANTILE EXCHANGE,514829,428832,371266,57566,57.5,19.6,buy,bear
2023-04-25,YM,DJIA Consolidated - CHICAGO BOARD OF TRADE,49609,31641,15341,16300,99.9,99.9,buy,bull
2023-05-02,ES,S&P 500 Consolidated - CHICAGO MERCANTILE EXCHANGE,2304633,1761417,1378981,382436,100.0,100.0,buy,bull
2023-05-02,NQ,NASDAQ-100 Consolidated - CHICAGO MERCANTILE EXCHANGE,255954,135518,136225,-707,16.5,33.9,sell,neutral
2023-05-02,RTY,RUSSELL E-MINI - CHICAGO MERCANTILE EXCHANGE,540747,442799,378803,63996,80.4,27.4,buy,neutral
2023-05-02,YM,DJIA Consolidated - CHICAGO BOARD OF TRADE,97094,58311,31813,26498,100.0,100.0,buy,bull
2023-05-09,ES,S&P 500 Consolidated - CHICAGO MERCANTILE EXCHANGE,2325459,1777969,1379176,398793,100.0,100.0,buy,bull
2023-05-09,NQ,NASDAQ-100 Consolidated - CHICAGO MERCANTILE EXCHANGE,264599,132394,143335,-10941,0.0,0.0,sell,bear
2023-05-09,RTY,RUSSELL E-MINI - CHICAGO MERCANTILE EXCHANGE,540460,443963,376966,66997,91.1,31.0,buy,neutral
2023-05-09,YM,DJIA Consolidated - CHICAGO BOARD OF TRADE,96996,56790,31921,24869,92.7,93.5,buy,bull
2023-05-16,ES,S&P 500 Consolidated - CHICAGO MERCANTILE EXCHANGE,2339836,1798805,1382757,416048,100.0,100.0,buy,bull
2023-05-16,NQ,NASDAQ-100 Consolidated - CHICAGO MERCANTILE EXCHANGE,283785,147815,155319,-7504,17.5,17.5,sell,bear
2023-05-16,RTY,RUSSELL E-MINI - CHICAGO MERCANTILE EXCHANGE,546521,452884,382339,70545,100.0,35.3,buy,neutral
2023-05-16,YM,DJIA Consolidated - CHICAGO BOARD OF TRADE,99483,58156,31371,26785,100.0,100.0,buy,bull
2023-05-23,ES,S&P 500 Consolidated - CHICAGO MERCANTILE EXCHANGE,2420808,1882185,1460658,421527,100.0,100.0,buy,bull
2023-05-23,NQ,NASDAQ-100 Consolidated - CHICAGO MERCANTILE EXCHANGE,285583,150290,156169,-5879,25.8,25.8,sell,neutral
2023-05-23,RTY,RUSSELL E-MINI - CHICAGO MERCANTILE EXCHANGE,516279,429102,373706,55396,48.1,17.0,buy,bear
2023-05-23,YM,DJIA Consolidated - CHICAGO BOARD OF TRADE,97077,58613,32662,25951,96.3,96.7,buy,bull
2023-05-30,ES,S&P 500 Consolidated - CHICAGO MERCANTILE EXCHANGE,2533871,1982320,1547296,435024,100.0,100.0,buy,bull
2023-05-30,NQ,NASDAQ-100 Consolidated - CHICAGO MERCANTILE EXCHANGE,310068,166568,162140,4428,78.4,78.4,buy,neutral
2023-05-30,RTY,RUSSELL E-MINI - CHICAGO MERCANTILE EXCHANGE,524042,435525,366187,69338,95.9,33.8,buy,neutral
2023-05-30,YM,DJIA Consolidated - CHICAGO BOARD OF TRADE,98019,58137,35799,22338,80.3,82.4,buy,bull
2023-06-06,ES,S&P 500 Consolidated - CHICAGO MERCANTILE EXCHANGE,2544164,1917778,1567072,350706,79.1,80.9,buy,bull
2023-06-06,NQ,NASDAQ-100 Consolidated - CHICAGO MERCANTILE EXCHANGE,318085,167808,165031,2777,70.0,70.0,buy,neutral
2023-06-06,RTY,RUSSELL E-MINI - CHICAGO MERCANTILE EXCHANGE,525412,435276,373167,62109,71.1,25.1,buy,neutral
2023-06-06,YM,DJIA Consolidated - CHICAGO BOARD OF TRADE,103684,62528,40942,21586,77.0,79.4,buy,neutral
2023-06-13,ES,S&P 500 Consolidated - CHICAGO MERCANTILE EXCHANGE,2956473,2152639,1845404,307235,68.3,68.5,buy,neutral
2023-06-13,NQ,NASDAQ-100 Consolidated - CHICAGO MERCANTILE EXCHANGE,335337,171832,172439,-607,52.7,52.7,sell,neutral
2023-06-13,RTY,RUSSELL E-MINI - CHICAGO MERCANTILE EXCHANGE,653558,533220,462594,70626,100.0,35.4,buy,neutral
2023-06-13,YM,DJIA Consolidated - CHICAGO BOARD OF TRADE,106498,64825,49731,15094,48.3,53.7,buy,neutral
2023-06-20,ES,S&P 500 Consolidated - CHICAGO MERCANTILE EXCHANGE,2233907,1719676,1469013,250663,54.1,54.2,buy,neutral
2023-06-20,NQ,NASDAQ-100 Consolidated - CHICAGO MERCANTILE EXCHANGE,255039,132957,141320,-8363,13.1,13.1,sell,bear
2023-06-20,RTY,RUSSELL E-MINI - CHICAGO MERCANTILE EXCHANGE,530683,449033,378039,70994,100.0,35.8,buy,neutral
2023-06-20,YM,DJIA Consolidated - CHICAGO BOARD OF TRADE,87911,54798,38345,16453,54.3,59.1,buy,neutral
2023-06-27,ES,S&P 500 Consolidated - CHICAGO MERCANTILE EXCHANGE,2200098,1677597,1471574,206023,43.0,43.2,buy,neutral
2023-06-27,NQ,NASDAQ-100 Consolidated - CHICAGO MERCANTILE EXCHANGE,265818,131175,141724,-10549,2.0,2.0,sell,bear
2023-06-27,RTY,RUSSELL E-MINI - CHICAGO MERCANTILE EXCHANGE,520213,431152,371430,59722,61.9,22.2,buy,neutral
2023-06-27,YM,DJIA Consolidated - CHICAGO BOARD OF TRADE,92561,58835,38687,20148,70.6,73.7,buy,neutral
2023-07-03,ES,S&P 500 Consolidated - CHICAGO MERCANTILE EXCHANGE,2227564,1690980,1484025,206955,42.8,43.4,buy,neutral
2023-07-03,NQ,NASDAQ-100 Consolidated - CHICAGO MERCANTILE EXCHANGE,259143,132358,135444,-3086,40.1,40.1,sell,neutral
2023-07-03,RTY,RUSSELL E-MINI - CHICAGO MERCANTILE EXCHANGE,514296,429656,365800,63856,75.9,27.2,buy,neutral
2023-07-03,YM,DJIA Consolidated - CHICAGO BOARD OF TRADE,95161,57403,43167,14236,44.5,50.3,buy,neutral
2023-07-11,ES,S&P 500 Consolidated - CHICAGO MERCANTILE EXCHANGE,2228090,1686533,1483062,203471,41.9,42.5,buy,neutral
2023-07-11,NQ,NASDAQ-100 Consolidated - CHICAGO MERCANTILE EXCHANGE,271791,138302,144877,-6575,22.3,22.3,sell,neutral
2023-07-11,RTY,RUSSELL E-MINI - CHICAGO MERCANTILE EXCHANGE,523492,438843,373380,65463,81.3,29.3,buy,neutral
2023-07-11,YM,DJIA Consolidated - CHICAGO BOARD OF TRADE,97782,61658,40333,21325,75.8,78.4,buy,neutral
2023-07-18,ES,S&P 500 Consolidated - CHICAGO MERCANTILE EXCHANGE,2301847,1732381,1494841,237540,50.4,51.0,buy,neutral
2023-07-18,NQ,NASDAQ-100 Consolidated - CHICAGO MERCANTILE EXCHANGE,278468,143811,137737,6074,86.8,86.8,buy,bull
2023-07-18,RTY,RUSSELL E-MINI - CHICAGO MERCANTILE EXCHANGE,526110,436369,375412,60957,66.1,23.9,buy,neutral
2023-07-18,YM,DJIA Consolidated - CHICAGO BOARD OF TRADE,102267,55758,48809,6949,12.3,21.5,buy,neutral
2023-07-25,ES,S&P 500 Consolidated - CHICAGO MERCANTILE EXCHANGE,2265346,1696551,1478348,218203,45.6,46.2,buy,neutral
2023-07-25,NQ,NASDAQ-100 Consolidated - CHICAGO MERCANTILE EXCHANGE,272910,148445,139121,9324,100.0,100.0,buy,bull
2023-07-25,RTY,RUSSELL E-MINI - CHICAGO MERCANTILE EXCHANGE,526364,433206,369562,63644,75.2,27.1,buy,neutral
2023-07-25,YM,DJIA Consolidated - CHICAGO BOARD OF TRADE,114947,57350,56982,368,0.0,0.0,buy,bear
2023-08-01,ES,S&P 500 Consolidated - CHICAGO MERCANTILE EXCHANGE,2263529,1689086,1502120,186966,37.7,38.4,buy,neutral
2023-08-01,NQ,NASDAQ-100 Consolidated - CHICAGO MERCANTILE EXCHANGE,276532,150032,136172,13860,100.0,100.0,buy,bull
2023-08-01,RTY,RUSSELL E-MINI - CHICAGO MERCANTILE EXCHANGE,515705,427582,365282,62300,70.6,27.2,buy,neutral
2023-08-01,YM,DJIA Consolidated - CHICAGO BOARD OF TRADE,115736,57458,58769,-1311,0.0,0.0,sell,bear
2023-08-08,ES,S&P 500 Consolidated - CHICAGO MERCANTILE EXCHANGE,2245745,1656812,1515942,140870,26.2,27.0,buy,neutral
2023-08-08,NQ,NASDAQ-100 Consolidated - CHICAGO MERCANTILE EXCHANGE,281647,153674,138488,15186,100.0,100.0,buy,bull
2023-08-08,RTY,RUSSELL E-MINI - CHICAGO MERCANTILE EXCHANGE,513817,430726,367473,63253,73.9,28.4,buy,neutral
2023-08-08,YM,DJIA Consolidated - CHICAGO BOARD OF TRADE,106566,54693,57160,-2467,0.0,0.0,sell,bear
2023-08-15,ES,S&P 500 Consolidated - CHICAGO MERCANTILE EXCHANGE,2246098,1637065,1540288,96777,15.1,16.0,buy,bear
2023-08-15,NQ,NASDAQ-100 Consolidated - CHICAGO MERCANTILE EXCHANGE,281293,153208,156471,-3263,29.4,29.4,sell,neutral
2023-08-15,RTY,RUSSELL E-MINI - CHICAGO MERCANTILE EXCHANGE,526922,441976,374149,67827,89.3,39.8,buy,neutral
2023-08-15,YM,DJIA Consolidated - CHICAGO BOARD OF TRADE,104216,53909,51030,2879,18.3,18.3,buy,bear
2023-08-22,ES,S&P 500 Consolidated - CHICAGO MERCANTILE EXCHANGE,2253916,1670937,1568891,102046,16.4,17.4,buy,bear
2023-08-22,NQ,NASDAQ-100 Consolidated - CHICAGO MERCANTILE EXCHANGE,278608,146658,159199,-12541,0.0,0.0,sell,bear
2023-08-22,RTY,RUSSELL E-MINI - CHICAGO MERCANTILE EXCHANGE,519058,427567,370186,57381,54.0,24.1,buy,neutral
2023-08-22,YM,DJIA Consolidated - CHICAGO BOARD OF TRADE,97208,55322,43369,11953,49.3,49.3,buy,neutral
2023-08-29,ES,S&P 500 Consolidated - CHICAGO MERCANTILE EXCHANGE,2291670,1693667,1568506,125161,22.2,23.1,buy,neutral
2023-08-29,NQ,NASDAQ-100 Consolidated - CHICAGO MERCANTILE EXCHANGE,282272,148277,157354,-9077,12.5,12.5,sell,bear
2023-08-29,RTY,RUSSELL E-MINI - CHICAGO MERCANTILE EXCHANGE,510236,425326,361990,63336,72.1,33.0,buy,neutral
2023-08-29,YM,DJIA Consolidated - CHICAGO BOARD OF TRADE,96960,54937,46759,8178,36.4,36.4,buy,neutral
2023-09-05,ES,S&P 500 Consolidated - CHICAGO MERCANTILE EXCHANGE,2284667,1695916,1572027,123889,21.9,22.8,buy,neutral
2023-09-05,NQ,NASDAQ-100 Consolidated - CHICAGO MERCANTILE EXCHANGE,291708,156324,160243,-3919,31.1,31.1,sell,neutral
2023-09-05,RTY,RUSSELL E-MINI - CHICAGO MERCANTILE EXCHANGE,512207,426554,355748,70806,99.3,44.3,buy,neutral
2023-09-05,YM,DJIA Consolidated - CHICAGO BOARD OF TRADE,93933,53865,43642,10223,43.4,43.4,buy,neutral
2023-09-12,ES,S&P 500 Consolidated - CHICAGO MERCANTILE EXCHANGE,2547762,1823590,1736525,87065,8.8,13.6,buy,bear
2023-09-12,NQ,NASDAQ-100 Consolidated - CHICAGO MERCANTILE EXCHANGE,319625,173508,181445,-7937,16.6,16.6,sell,bear
2023-09-12,RTY,RUSSELL E-MINI - CHICAGO MERCANTILE EXCHANGE,541216,443198,384165,59033,56.5,26.6,buy,neutral
2023-09-12,YM,DJIA Consolidated - CHICAGO BOARD OF TRADE,102910,60631,48194,12437,51.0,51.0,buy,neutral
2023-09-19,ES,S&P 500 Consolidated - CHICAGO MERCANTILE EXCHANGE,2107388,1601273,1475726,125547,18.7,23.2,buy,neutral
2023-09-19,NQ,NASDAQ-100 Consolidated - CHICAGO MERCANTILE EXCHANGE,241955,137434,139676,-2242,37.1,37.1,sell,neutral
2023-09-19,RTY,RUSSELL E-MINI - CHICAGO MERCANTILE EXCHANGE,444493,380523,319990,60533,61.9,29.0,buy,neutral
2023-09-19,YM,DJIA Consolidated - CHICAGO BOARD OF TRADE,86992,52111,34824,17287,67.5,67.5,buy,neutral
2023-09-26,ES,S&P 500 Consolidated - CHICAGO MERCANTILE EXCHANGE,2150244,1561943,1496369,65574,2.5,8.3,buy,bear
2023-09-26,NQ,NASDAQ-100 Consolidated - CHICAGO MERCANTILE EXCHANGE,248727,140391,141582,-1191,40.9,40.9,sell,neutral
2023-09-26,RTY,RUSSELL E-MINI - CHICAGO MERCANTILE EXCHANGE,462477,393907,334631,59276,51.6,31.5,buy,neutral
2023-09-26,YM,DJIA Consolidated - CHICAGO BOARD OF TRADE,92551,57681,38209,19472,75.0,75.0,buy,neutral
2023-10-03,ES,S&P 500 Consolidated - CHICAGO MERCANTILE EXCHANGE,2151506,1584086,1537950,46136,0.0,3.5,buy,bear
2023-10-03,NQ,NASDAQ-100 Consolidated - CHICAGO MERCANTILE EXCHANGE,263748,148371,146637,1734,51.5,51.5,buy,neutral
2023-10-03,RTY,RUSSELL E-MINI - CHICAGO MERCANTILE EXCHANGE,486106,406775,344360,62415,64.5,46.5,buy,neutral
2023-10-03,YM,DJIA Consolidated - CHICAGO BOARD OF TRADE,100823,65200,35651,29549,100.0,100.0,buy,bull
2023-10-10,ES,S&P 500 Consolidated - CHICAGO MERCANTILE EXCHANGE,2088321,1561159,1491385,69774,6.1,9.3,buy,bear
2023-10-10,NQ,NASDAQ-100 Consolidated - CHICAGO MERCANTILE EXCHANGE,264373,145743,152440,-6697,21.1,21.1,sell,neutral
2023-10-10,RTY,RUSSELL E-MINI - CHICAGO MERCANTILE EXCHANGE,481420,401235,332946,68289,82.7,81.3,buy,bull
2023-10-10,YM,DJIA Consolidated - CHICAGO BOARD OF TRADE,94607,65178,27965,37213,100.0,100.0,buy,bull
2023-10-17,ES,S&P 500 Consolidated - CHICAGO MERCANTILE EXCHANGE,2128482,1583039,1538679,44360,0.0,3.0,buy,bear
2023-10-17,NQ,NASDAQ-100 Consolidated - CHICAGO MERCANTILE EXCHANGE,265176,139525,150998,-11473,3.9,3.9,sell,bear
2023-10-17,RTY,RUSSELL E-MINI - CHICAGO MERCANTILE EXCHANGE,485477,392129,341607,50522,0.0,28.1,buy,neutral
2023-10-17,YM,DJIA Consolidated - CHICAGO BOARD OF TRADE,96554,67215,26959,40256,100.0,100.0,buy,bull
2023-10-24,ES,S&P 500 Consolidated - CHICAGO MERCANTILE EXCHANGE,2176852,1564930,1598676,-33746,0.0,0.0,sell,bear
2023-10-24,NQ,NASDAQ-100 Consolidated - CHICAGO MERCANTILE EXCHANGE,262564,142906,146422,-3516,32.5,32.5,sell,neutral
2023-10-24,RTY,RUSSELL E-MINI - CHICAGO MERCANTILE EXCHANGE,518056,413481,368944,44537,0.0,10.7,buy,bear
2023-10-24,YM,DJIA Consolidated - CHICAGO BOARD OF TRADE,104581,68034,28385,39649,98.6,98.6,buy,bull
2023-10-31,ES,S&P 500 Consolidated - CHICAGO MERCANTILE EXCHANGE,2193182,1568983,1602380,-33397,0.1,0.1,sell,bear
2023-10-31,NQ,NASDAQ-100 Consolidated - CHICAGO MERCANTILE EXCHANGE,270325,146195,152012,-5817,24.3,24.3,sell,neutral
2023-10-31,RTY,RUSSELL E-MINI - CHICAGO MERCANTILE EXCHANGE,553380,441734,400858,40876,0.0,0.0,buy,bear
2023-10-31,YM,DJIA Consolidated - CHICAGO BOARD OF TRADE,103936,68690,28069,40621,100.0,100.0,buy,bull
2023-11-07,ES,S&P 500 Consolidated - CHICAGO MERCANTILE EXCHANGE,2194624,1598198,1561900,36298,14.9,14.9,buy,bear
2023-11-07,NQ,NASDAQ-100 Consolidated - CHICAGO MERCANTILE EXCHANGE,279223,147096,155699,-8603,14.2,14.2,sell,bear
2023-11-07,RTY,RUSSELL E-MINI - CHICAGO MERCANTILE EXCHANGE,546859,443037,370401,72636,100.0,100.0,buy,bull
2023-11-07,YM,DJIA Consolidated - CHICAGO BOARD OF TRADE,103306,68739,26180,42559,100.0,100.0,buy,bull
2023-11-14,ES,S&P 500 Consolidated - CHICAGO MERCANTILE EXCHANGE,2208240,1596319,1584100,12219,9.8,9.8,buy,bear
2023-11-14,NQ,NASDAQ-100 Consolidated - CHICAGO MERCANTILE EXCHANGE,284718,158806,160832,-2026,37.9,37.9,sell,neutral
2023-11-14,RTY,RUSSELL E-MINI - CHICAGO MERCANTILE EXCHANGE,552664,445804,376983,68821,88.0,88.0,buy,bull
2023-11-14,YM,DJIA Consolidated - CHICAGO BOARD OF TRADE,101030,67381,25585,41796,98.3,98.3,buy,bull
2023-11-21,ES,S&P 500 Consolidated - CHICAGO MERCANTILE EXCHANGE,2255516,1667729,1632855,34874,14.6,14.6,buy,bear
2023-11-21,NQ,NASDAQ-100 Consolidated - CHICAGO MERCANTILE EXCHANGE,295027,163533,174605,-11072,5.3,5.3,sell,bear
2023-11-21,RTY,RUSSELL E-MINI - CHICAGO MERCANTILE EXCHANGE,537080,434225,380969,53256,39.0,39.0,buy,neutral
2023-11-21,YM,DJIA Consolidated - CHICAGO BOARD OF TRADE,94498,66382,26993,39389,93.0,93.0,buy,bull
2023-11-28,ES,S&P 500 Consolidated - CHICAGO MERCANTILE EXCHANGE,2295420,1673758,1650983,22775,14.7,12.1,buy,bear
2023-11-28,NQ,NASDAQ-100 Consolidated - CHICAGO MERCANTILE EXCHANGE,304631,167170,177697,-10527,7.3,7.3,sell,bear
2023-11-28,RTY,RUSSELL E-MINI - CHICAGO MERCANTILE EXCHANGE,550971,444001,391852,52149,35.5,35.5,buy,neutral
2023-11-28,YM,DJIA Consolidated - CHICAGO BOARD OF TRADE,100979,63993,34693,29300,70.6,70.6,buy,neutral
2023-12-05,ES,S&P 500 Consolidated - CHICAGO MERCANTILE EXCHANGE,2330556,1708661,1707995,666,10.1,7.3,buy,bear
2023-12-05,NQ,NASDAQ-100 Consolidated - CHICAGO MERCANTILE EXCHANGE,288233,156396,169275,-12879,0.0,0.0,sell,bear
2023-12-05,RTY,RUSSELL E-MINI - CHICAGO MERCANTILE EXCHANGE,557407,455710,404810,50900,31.6,31.6,buy,neutral
2023-12-05,YM,DJIA Consolidated - CHICAGO BOARD OF TRADE,94870,53465,50632,2833,11.8,11.8,buy,bear
2023-12-12,ES,S&P 500 Consolidated - CHICAGO MERCANTILE EXCHANGE,2690306,1891039,1868344,22695,19.8,12.0,buy,bear
2023-12-12,NQ,NASDAQ-100 Consolidated - CHICAGO MERCANTILE EXCHANGE,348789,212861,223330,-10469,8.6,8.6,sell,bear
2023-12-12,RTY,RUSSELL E-MINI - CHICAGO MERCANTILE EXCHANGE,639607,513991,470787,43204,7.3,7.3,buy,bear
2023-12-12,YM,DJIA Consolidated - CHICAGO BOARD OF TRADE,112076,65779,65580,199,5.9,5.9,buy,bear
2023-12-19,ES,S&P 500 Consolidated - CHICAGO MERCANTILE EXCHANGE,2167112,1611053,1486057,124996,58.5,33.9,buy,neutral
2023-12-19,NQ,NASDAQ-100 Consolidated - CHICAGO MERCANTILE EXCHANGE,283394,162938,188576,-25638,0.0,0.0,sell,bear
2023-12-19,RTY,RUSSELL E-MINI - CHICAGO MERCANTILE EXCHANGE,494014,396959,373093,23866,0.0,0.0,buy,bear
2023-12-19,YM,DJIA Consolidated - CHICAGO BOARD OF TRADE,100329,53885,60515,-6630,0.0,0.0,sell,bear
2023-12-26,ES,S&P 500 Consolidated - CHICAGO MERCANTILE EXCHANGE,2166788,1603647,1481609,122038,57.4,33.2,buy,neutral
2023-12-26,NQ,NASDAQ-100 Consolidated - CHICAGO MERCANTILE EXCHANGE,286224,155962,189210,-33248,0.0,0.0,sell,bear
2023-12-26,RTY,RUSSELL E-MINI - CHICAGO MERCANTILE EXCHANGE,498241,383760,380312,3448,0.0,0.0,buy,bear
2023-12-26,YM,DJIA Consolidated - CHICAGO BOARD OF TRADE,98501,54316,66799,-12483,0.0,0.0,sell,bear
2024-01-02,ES,S&P 500 Consolidated - CHICAGO MERCANTILE EXCHANGE,2234726,1653372,1525786,127586,59.5,34.4,buy,neutral
2024-01-02,NQ,NASDAQ-100 Consolidated - CHICAGO MERCANTILE EXCHANGE,281637,148550,196077,-47527,0.0,0.0,sell,bear
2024-01-02,RTY,RUSSELL E-MINI - CHICAGO MERCANTILE EXCHANGE,516339,397154,407253,-10099,0.0,0.0,sell,bear
2024-01-02,YM,DJIA Consolidated - CHICAGO BOARD OF TRADE,103364,53646,74236,-20590,0.0,0.0,sell,bear
2024-01-09,ES,S&P 500 Consolidated - CHICAGO MERCANTILE EXCHANGE,2225245,1604472,1587089,17383,18.8,10.9,buy,bear
2024-01-09,NQ,NASDAQ-100 Consolidated - CHICAGO MERCANTILE EXCHANGE,287400,151236,193356,-42120,8.6,8.6,sell,bear
2024-01-09,RTY,RUSSELL E-MINI - CHICAGO MERCANTILE EXCHANGE,499063,370642,402618,-31976,0.0,0.0,sell,bear
2024-01-09,YM,DJIA Consolidated - CHICAGO BOARD OF TRADE,103318,49419,74852,-25433,0.0,0.0,sell,bear
2024-01-16,ES,S&P 500 Consolidated - CHICAGO MERCANTILE EXCHANGE,2233526,1634436,1530264,104172,54.7,29.4,buy,neutral
2024-01-16,NQ,NASDAQ-100 Consolidated - CHICAGO MERCANTILE EXCHANGE,284650,150585,188795,-38210,14.9,14.9,sell,bear
2024-01-16,RTY,RUSSELL E-MINI - CHICAGO MERCANTILE EXCHANGE,490097,366952,390434,-23482,8.1,8.1,sell,bear
2024-01-16,YM,DJIA Consolidated - CHICAGO BOARD OF TRADE,100152,49174,67027,-17853,11.1,11.1,sell,bear
2024-01-23,ES,S&P 500 Consolidated - CHICAGO MERCANTILE EXCHANGE,2287411,1685280,1572743,112537,66.3,31.2,buy,neutral
2024-01-23,NQ,NASDAQ-100 Consolidated - CHICAGO MERCANTILE EXCHANGE,302456,158063,195929,-37866,15.4,15.4,sell,bear
2024-01-23,RTY,RUSSELL E-MINI - CHICAGO MERCANTILE EXCHANGE,504119,383990,389437,-5447,25.4,25.4,sell,neutral
2024-01-23,YM,DJIA Consolidated - CHICAGO BOARD OF TRADE,101763,49699,71552,-21853,5.3,5.3,sell,bear
2024-01-30,ES,S&P 500 Consolidated - CHICAGO MERCANTILE EXCHANGE,2326056,1718887,1573561,145326,100.0,38.2,buy,neutral
2024-01-30,NQ,NASDAQ-100 Consolidated - CHICAGO MERCANTILE EXCHANGE,309275,156557,204268,-47711,0.0,0.0,sell,bear
2024-01-30,RTY,RUSSELL E-MINI - CHICAGO MERCANTILE EXCHANGE,510247,387387,388875,-1488,29.1,29.1,sell,neutral
2024-01-30,YM,DJIA Consolidated - CHICAGO BOARD OF TRADE,110393,52140,78846,-26706,0.0,0.0,sell,bear
2024-02-06,ES,S&P 500 Consolidated - CHICAGO MERCANTILE EXCHANGE,2313768,1724628,1561498,163130,100.0,42.0,buy,neutral
2024-02-06,NQ,NASDAQ-100 Consolidated - CHICAGO MERCANTILE EXCHANGE,301342,149892,188404,-38512,18.6,14.6,sell,bear
2024-02-06,RTY,RUSSELL E-MINI - CHICAGO MERCANTILE EXCHANGE,479790,381087,372563,8524,38.7,38.7,buy,neutral
2024-02-06,YM,DJIA Consolidated - CHICAGO BOARD OF TRADE,104421,53657,77363,-23706,4.3,4.3,sell,bear
2024-02-13,ES,S&P 500 Consolidated - CHICAGO MERCANTILE EXCHANGE,2355646,1740517,1587584,152933,94.8,39.8,buy,neutral
2024-02-13,NQ,NASDAQ-100 Consolidated - CHICAGO MERCANTILE EXCHANGE,312885,155460,192873,-37413,20.8,16.4,sell,bear
2024-02-13,RTY,RUSSELL E-MINI - CHICAGO MERCANTILE EXCHANGE,506742,405971,389803,16168,46.0,46.0,buy,neutral
2024-02-13,YM,DJIA Consolidated - CHICAGO BOARD OF TRADE,105714,52919,76538,-23619,4.5,4.5,sell,bear
2024-02-20,ES,S&P 500 Consolidated - CHICAGO MERCANTILE EXCHANGE,2341883,1724786,1581587,143199,89.9,37.7,buy,neutral
2024-02-20,NQ,NASDAQ-100 Consolidated - CHICAGO MERCANTILE EXCHANGE,304972,148924,181521,-32597,30.6,24.0,sell,neutral
2024-02-20,RTY,RUSSELL E-MINI - CHICAGO MERCANTILE EXCHANGE,503407,407623,387896,19727,49.4,49.4,buy,neutral
2024-02-20,YM,DJIA Consolidated - CHICAGO BOARD OF TRADE,104742,53689,73083,-19394,10.6,10.6,sell,bear
2024-02-27,ES,S&P 500 Consolidated - CHICAGO MERCANTILE EXCHANGE,2365269,1719287,1577873,141414,89.0,37.4,buy,neutral
2024-02-27,NQ,NASDAQ-100 Consolidated - CHICAGO MERCANTILE EXCHANGE,307552,153785,171709,-17924,60.2,47.4,sell,neutral
2024-02-27,RTY,RUSSELL E-MINI - CHICAGO MERCANTILE EXCHANGE,515015,413104,405148,7956,38.2,38.2,buy,neutral
2024-02-27,YM,DJIA Consolidated - CHICAGO BOARD OF TRADE,106563,53500,76091,-22591,5.9,5.9,sell,bear
2024-03-05,ES,S&P 500 Consolidated - CHICAGO MERCANTILE EXCHANGE,2401166,1744733,1624632,120101,78.1,32.8,buy,neutral
2024-03-05,NQ,NASDAQ-100 Consolidated - CHICAGO MERCANTILE EXCHANGE,309873,161680,172013,-10333,75.6,59.4,sell,neutral
2024-03-05,RTY,RUSSELL E-MINI - CHICAGO MERCANTILE EXCHANGE,517143,418598,406354,12244,42.3,42.3,buy,neutral
2024-03-05,YM,DJIA Consolidated - CHICAGO BOARD OF TRADE,101334,53467,71427,-17960,12.6,12.6,sell,bear
2024-03-12,ES,S&P 500 Consolidated - CHICAGO MERCANTILE EXCHANGE,2704540,1915219,1773573,141646,89.1,37.4,buy,neutral
2024-03-12,NQ,NASDAQ-100 Consolidated - CHICAGO MERCANTILE EXCHANGE,353521,189424,197956,-8532,79.2,62.3,sell,neutral
2024-03-12,RTY,RUSSELL E-MINI - CHICAGO MERCANTILE EXCHANGE,564693,453340,438349,14991,44.9,44.9,buy,neutral
2024-03-12,YM,DJIA Consolidated - CHICAGO BOARD OF TRADE,115061,56972,75691,-18719,11.5,11.5,sell,bear
2024-03-19,ES,S&P 500 Consolidated - CHICAGO MERCANTILE EXCHANGE,2111429,1542079,1433474,108605,72.3,30.4,buy,neutral
2024-03-19,NQ,NASDAQ-100 Consolidated - CHICAGO MERCANTILE EXCHANGE,255935,139386,156871,-17485,61.1,48.1,sell,neutral
2024-03-19,RTY,RUSSELL E-MINI - CHICAGO MERCANTILE EXCHANGE,471331,370396,365123,5273,35.6,35.6,buy,neutral
2024-03-19,YM,DJIA Consolidated - CHICAGO BOARD OF TRADE,93851,42385,67017,-24632,3.0,3.0,sell,bear
2024-03-26,ES,S&P 500 Consolidated - CHICAGO MERCANTILE EXCHANGE,2128826,1506596,1432340,74256,54.9,23.0,buy,neutral
2024-03-26,NQ,NASDAQ-100 Consolidated - CHICAGO MERCANTILE EXCHANGE,260574,147816,149236,-1420,93.6,73.6,sell,neutral
2024-03-26,RTY,RUSSELL E-MINI - CHICAGO MERCANTILE EXCHANGE,479199,372118,360505,11613,41.7,41.7,buy,neutral
2024-03-26,YM,DJIA Consolidated - CHICAGO BOARD OF TRADE,92741,44687,68927,-24240,3.6,3.6,sell,bear
2024-04-02,ES,S&P 500 Consolidated - CHICAGO MERCANTILE EXCHANGE,2110281,1479820,1501509,-21689,6.1,2.6,sell,bear
2024-04-02,NQ,NASDAQ-100 Consolidated - CHICAGO MERCANTILE EXCHANGE,266623,149656,151423,-1767,99.3,73.0,sell,neutral
2024-04-02,RTY,RUSSELL E-MINI - CHICAGO MERCANTILE EXCHANGE,472737,363074,351341,11733,41.8,41.8,buy,neutral
2024-04-02,YM,DJIA Consolidated - CHICAGO BOARD OF TRADE,93520,45901,65712,-19811,10.0,10.0,sell,bear
2024-04-09,ES,S&P 500 Consolidated - CHICAGO MERCANTILE EXCHANGE,2115693,1482175,1524427,-42252,0.0,0.0,sell,bear
2024-04-09,NQ,NASDAQ-100 Consolidated - CHICAGO MERCANTILE EXCHANGE,267024,147614,162419,-14805,71.1,52.3,sell,neutral
2024-04-09,RTY,RUSSELL E-MINI - CHICAGO MERCANTILE EXCHANGE,468849,363610,346606,17004,46.8,46.8,buy,neutral
2024-04-09,YM,DJIA Consolidated - CHICAGO BOARD OF TRADE,92484,47292,65690,-18398,12.0,12.0,sell,bear
2024-04-16,ES,S&P 500 Consolidated - CHICAGO MERCANTILE EXCHANGE,2124352,1409806,1594944,-185138,0.0,0.0,sell,bear
2024-04-16,NQ,NASDAQ-100 Consolidated - CHICAGO MERCANTILE EXCHANGE,263134,141517,159836,-18319,63.5,46.7,sell,neutral
2024-04-16,RTY,RUSSELL E-MINI - CHICAGO MERCANTILE EXCHANGE,481262,374758,340680,34078,63.1,63.1,buy,neutral
2024-04-16,YM,DJIA Consolidated - CHICAGO BOARD OF TRADE,93614,52698,69157,-16459,14.8,14.8,sell,bear
2024-04-23,ES,S&P 500 Consolidated - CHICAGO MERCANTILE EXCHANGE,2092629,1405678,1593977,-188299,0.0,0.0,sell,bear
2024-04-23,NQ,NASDAQ-100 Consolidated - CHICAGO MERCANTILE EXCHANGE,263107,142258,160632,-18374,63.4,46.6,sell,neutral
2024-04-23,RTY,RUSSELL E-MINI - CHICAGO MERCANTILE EXCHANGE,477550,371751,341611,30140,59.4,59.4,buy,neutral
2024-04-23,YM,DJIA Consolidated - CHICAGO BOARD OF TRADE,90835,56280,64010,-7730,27.4,27.4,sell,neutral
2024-04-30,ES,S&P 500 Consolidated - CHICAGO MERCANTILE EXCHANGE,2031800,1396319,1544777,-148458,11.3,6.4,sell,bear
2024-04-30,NQ,NASDAQ-100 Consolidated - CHICAGO MERCANTILE EXCHANGE,261962,140092,154992,-14900,70.9,52.2,sell,neutral
2024-04-30,RTY,RUSSELL E-MINI - CHICAGO MERCANTILE EXCHANGE,480835,372284,336392,35892,64.9,64.9,buy,neutral
2024-04-30,YM,DJIA Consolidated - CHICAGO BOARD OF TRADE,89960,56959,63598,-6639,29.0,29.0,sell,neutral
2024-05-07,ES,S&P 500 Consolidated - CHICAGO MERCANTILE EXCHANGE,2056976,1440537,1534764,-94227,26.8,15.1,sell,bear
2024-05-07,NQ,NASDAQ-100 Consolidated - CHICAGO MERCANTILE EXCHANGE,242910,125015,135421,-10406,80.6,59.3,sell,neutral
2024-05-07,RTY,RUSSELL E-MINI - CHICAGO MERCANTILE EXCHANGE,465495,353891,322253,31638,63.1,60.8,buy,neutral
2024-05-07,YM,DJIA Consolidated - CHICAGO BOARD OF TRADE,92752,57061,67908,-10847,23.2,22.9,sell,neutral
2024-05-14,ES,S&P 500 Consolidated - CHICAGO MERCANTILE EXCHANGE,2107573,1481845,1553464,-71619,33.2,18.7,sell,bear
2024-05-14,NQ,NASDAQ-100 Consolidated - CHICAGO MERCANTILE EXCHANGE,256748,134445,145213,-10768,79.8,58.7,sell,neutral
2024-05-14,RTY,RUSSELL E-MINI - CHICAGO MERCANTILE EXCHANGE,466505,343687,320355,23332,64.9,52.9,buy,neutral
2024-05-14,YM,DJIA Consolidated - CHICAGO BOARD OF TRADE,99207,57006,76183,-19177,11.4,10.9,sell,bear
2024-05-21,ES,S&P 500 Consolidated - CHICAGO MERCANTILE EXCHANGE,2176057,1505752,1596649,-90897,27.7,15.6,sell,bear
2024-05-21,NQ,NASDAQ-100 Consolidated - CHICAGO MERCANTILE EXCHANGE,258244,133043,149583,-16540,67.3,49.6,sell,neutral
2024-05-21,RTY,RUSSELL E-MINI - CHICAGO MERCANTILE EXCHANGE,464396,344512,316151,28361,71.7,57.7,buy,neutral
2024-05-21,YM,DJIA Consolidated - CHICAGO BOARD OF TRADE,103626,53739,76615,-22876,6.8,5.5,sell,bear
2024-05-28,ES,S&P 500 Consolidated - CHICAGO MERCANTILE EXCHANGE,2207528,1507973,1612387,-104414,23.9,15.6,sell,bear
2024-05-28,NQ,NASDAQ-100 Consolidated - CHICAGO MERCANTILE EXCHANGE,265906,139288,145704,-6416,89.2,65.7,sell,neutral
2024-05-28,RTY,RUSSELL E-MINI - CHICAGO MERCANTILE EXCHANGE,467293,343514,316478,27036,71.2,56.4,buy,neutral
2024-05-28,YM,DJIA Consolidated - CHICAGO BOARD OF TRADE,97243,53401,71055,-17654,30.6,13.1,sell,bear
2024-06-04,ES,S&P 500 Consolidated - CHICAGO MERCANTILE EXCHANGE,2189450,1537832,1585502,-47670,40.0,28.4,sell,neutral
2024-06-04,NQ,NASDAQ-100 Consolidated - CHICAGO MERCANTILE EXCHANGE,254627,140208,152796,-12588,75.9,55.8,sell,neutral
2024-06-04,RTY,RUSSELL E-MINI - CHICAGO MERCANTILE EXCHANGE,469252,342253,316784,25469,76.4,54.9,buy,neutral
2024-06-04,YM,DJIA Consolidated - CHICAGO BOARD OF TRADE,100634,58709,68904,-10195,61.4,23.8,sell,neutral
2024-06-11,ES,S&P 500 Consolidated - CHICAGO MERCANTILE EXCHANGE,2296554,1610027,1622069,-12042,50.2,40.2,sell,neutral
2024-06-11,NQ,NASDAQ-100 Consolidated - CHICAGO MERCANTILE EXCHANGE,267660,150557,150617,-60,100.0,75.8,sell,neutral
2024-06-11,RTY,RUSSELL E-MINI - CHICAGO MERCANTILE EXCHANGE,465996,346043,313615,32428,94.9,61.6,buy,neutral
2024-06-11,YM,DJIA Consolidated - CHICAGO BOARD OF TRADE,107902,66292,70690,-4398,100.0,32.2,sell,neutral
2024-06-18,ES,S&P 500 Consolidated - CHICAGO MERCANTILE EXCHANGE,2626904,1862807,1853347,9460,56.3,46.4,buy,neutral
2024-06-18,NQ,NASDAQ-100 Consolidated - CHICAGO MERCANTILE EXCHANGE,345118,200597,204467,-3870,92.0,69.7,sell,neutral
2024-06-18,RTY,RUSSELL E-MINI - CHICAGO MERCANTILE EXCHANGE,529318,399837,347281,52556,100.0,80.8,buy,bull
2024-06-18,YM,DJIA Consolidated - CHICAGO BOARD OF TRADE,114233,72670,76088,-3418,100.0,33.6,sell,neutral
2024-06-25,ES,S&P 500 Consolidated - CHICAGO MERCANTILE EXCHANGE,1986672,1403560,1448090,-44530,40.9,33.8,sell,neutral
2024-06-25,NQ,NASDAQ-100 Consolidated - CHICAGO MERCANTILE EXCHANGE,252655,130392,149017,-18625,61.0,46.2,sell,neutral
2024-06-25,RTY,RUSSELL E-MINI - CHICAGO MERCANTILE EXCHANGE,418596,327132,283483,43649,89.5,72.3,buy,neutral
2024-06-25,YM,DJIA Consolidated - CHICAGO BOARD OF TRADE,84823,51415,52760,-1345,100.0,36.6,sell,neutral
2024-07-02,ES,S&P 500 Consolidated - CHICAGO MERCANTILE EXCHANGE,2047732,1413128,1509964,-96836,26.0,21.5,sell,neutral
2024-07-02,NQ,NASDAQ-100 Consolidated - CHICAGO MERCANTILE EXCHANGE,265554,139712,161054,-21342,55.3,41.9,sell,neutral
2024-07-02,RTY,RUSSELL E-MINI - CHICAGO MERCANTILE EXCHANGE,449927,359449,292497,66952,100.0,94.6,buy,bull
2024-07-02,YM,DJIA Consolidated - CHICAGO BOARD OF TRADE,82128,47246,56340,-9094,69.4,25.4,sell,neutral
2024-07-09,ES,S&P 500 Consolidated - CHICAGO MERCANTILE EXCHANGE,2059456,1436809,1478709,-41900,41.7,34.4,sell,neutral
2024-07-09,NQ,NASDAQ-100 Consolidated - CHICAGO MERCANTILE EXCHANGE,271471,148547,164373,-15826,66.9,50.7,sell,neutral
2024-07-09,RTY,RUSSELL E-MINI - CHICAGO MERCANTILE EXCHANGE,447956,356460,297671,58789,91.0,86.8,buy,bull
2024-07-09,YM,DJIA Consolidated - CHICAGO BOARD OF TRADE,88307,48737,59798,-11061,61.7,22.6,sell,neutral
2024-07-16,ES,S&P 500 Consolidated - CHICAGO MERCANTILE EXCHANGE,2102256,1452266,1487669,-35403,43.5,37.6,sell,neutral
2024-07-16,NQ,NASDAQ-100 Consolidated - CHICAGO MERCANTILE EXCHANGE,264434,141826,159804,-17978,62.4,47.3,sell,neutral
2024-07-16,RTY,RUSSELL E-MINI - CHICAGO MERCANTILE EXCHANGE,488061,354858,319485,35373,56.4,64.4,buy,neutral
2024-07-16,YM,DJIA Consolidated - CHICAGO BOARD OF TRADE,99652,50244,67905,-17661,35.7,13.1,sell,bear
2024-07-23,ES,S&P 500 Consolidated - CHICAGO MERCANTILE EXCHANGE,2058317,1421641,1514783,-93142,27.1,25.4,sell,neutral
2024-07-23,NQ,NASDAQ-100 Consolidated - CHICAGO MERCANTILE EXCHANGE,252187,140693,157272,-16579,65.3,49.5,sell,neutral
2024-07-23,RTY,RUSSELL E-MINI - CHICAGO MERCANTILE EXCHANGE,482645,367749,323331,44418,67.1,73.0,buy,neutral
2024-07-23,YM,DJIA Consolidated - CHICAGO BOARD OF TRADE,91047,49115,63755,-14640,47.6,17.4,sell,bear
2024-07-30,ES,S&P 500 Consolidated - CHICAGO MERCANTILE EXCHANGE,2058295,1408787,1530247,-121460,19.0,19.0,sell,bear
2024-07-30,NQ,NASDAQ-100 Consolidated - CHICAGO MERCANTILE EXCHANGE,266789,149978,175721,-25743,33.2,34.9,sell,neutral
2024-07-30,RTY,RUSSELL E-MINI - CHICAGO MERCANTILE EXCHANGE,472586,352685,334838,17847,20.4,47.6,buy,neutral
2024-07-30,YM,DJIA Consolidated - CHICAGO BOARD OF TRADE,92185,48111,64984,-16873,33.3,14.2,sell,bear
2024-08-06,ES,S&P 500 Consolidated - CHICAGO MERCANTILE EXCHANGE,2037394,1410615,1526473,-115858,21.2,20.6,sell,neutral
2024-08-06,NQ,NASDAQ-100 Consolidated - CHICAGO MERCANTILE EXCHANGE,257764,150446,181279,-30833,17.6,34.1,sell,neutral
2024-08-06,RTY,RUSSELL E-MINI - CHICAGO MERCANTILE EXCHANGE,428191,320588,327090,-6502,0.0,24.4,sell,neutral
2024-08-06,YM,DJIA Consolidated - CHICAGO BOARD OF TRADE,84440,48536,55857,-7321,74.3,28.0,sell,neutral
2024-08-13,ES,S&P 500 Consolidated - CHICAGO MERCANTILE EXCHANGE,2046062,1444766,1489058,-44292,43.4,41.0,sell,neutral
2024-08-13,NQ,NASDAQ-100 Consolidated - CHICAGO MERCANTILE EXCHANGE,252979,149200,169987,-20787,36.3,54.5,sell,neutral
2024-08-13,RTY,RUSSELL E-MINI - CHICAGO MERCANTILE EXCHANGE,424544,323855,319275,4580,15.1,34.9,buy,neutral
2024-08-13,YM,DJIA Consolidated - CHICAGO BOARD OF TRADE,81881,48794,52578,-3784,89.5,33.1,sell,neutral
2024-08-20,ES,S&P 500 Consolidated - CHICAGO MERCANTILE EXCHANGE,2066099,1441968,1443203,-1235,56.7,53.2,sell,neutral
2024-08-20,NQ,NASDAQ-100 Consolidated - CHICAGO MERCANTILE EXCHANGE,253133,143589,165331,-21742,29.5,52.5,sell,neutral
2024-08-20,RTY,RUSSELL E-MINI - CHICAGO MERCANTILE EXCHANGE,422443,321263,307206,14057,28.0,44.0,buy,neutral
2024-08-20,YM,DJIA Consolidated - CHICAGO BOARD OF TRADE,87145,49419,57029,-7610,73.1,27.6,sell,neutral
2024-08-27,ES,S&P 500 Consolidated - CHICAGO MERCANTILE EXCHANGE,2113787,1445547,1471628,-26081,49.2,46.2,sell,neutral
2024-08-27,NQ,NASDAQ-100 Consolidated - CHICAGO MERCANTILE EXCHANGE,253674,131061,167161,-36100,0.0,23.5,sell,neutral
2024-08-27,RTY,RUSSELL E-MINI - CHICAGO MERCANTILE EXCHANGE,421524,311806,312132,-326,8.4,30.3,sell,neutral
2024-08-27,YM,DJIA Consolidated - CHICAGO BOARD OF TRADE,92406,51164,61600,-10436,61.0,23.5,sell,neutral
2024-09-03,ES,S&P 500 Consolidated - CHICAGO MERCANTILE EXCHANGE,2120935,1454547,1499887,-45340,43.3,40.7,sell,neutral
2024-09-03,NQ,NASDAQ-100 Consolidated - CHICAGO MERCANTILE EXCHANGE,263973,134180,175396,-41216,0.0,13.1,sell,bear
2024-09-03,RTY,RUSSELL E-MINI - CHICAGO MERCANTILE EXCHANGE,433596,313046,325649,-12603,0.0,18.5,sell,bear
2024-09-03,YM,DJIA Consolidated - CHICAGO BOARD OF TRADE,85167,50054,57250,-7196,74.9,28.2,sell,neutral
2024-09-10,ES,S&P 500 Consolidated - CHICAGO MERCANTILE EXCHANGE,2169815,1473582,1485450,-11868,59.4,50.2,sell,neutral
2024-09-10,NQ,NASDAQ-100 Consolidated - CHICAGO MERCANTILE EXCHANGE,269479,138191,176162,-37971,7.9,19.7,sell,bear
2024-09-10,RTY,RUSSELL E-MINI - CHICAGO MERCANTILE EXCHANGE,446189,313686,331217,-17531,0.0,13.8,sell,bear
2024-09-10,YM,DJIA Consolidated - CHICAGO BOARD OF TRADE,85971,49358,58544,-9186,66.3,25.3,sell,neutral
2024-09-17,ES,S&P 500 Consolidated - CHICAGO MERCANTILE EXCHANGE,2597333,1864823,1823850,40973,87.3,65.2,buy,neutral
2024-09-17,NQ,NASDAQ-100 Consolidated - CHICAGO MERCANTILE EXCHANGE,278372,148620,181509,-32889,20.2,30.0,sell,neutral
2024-09-17,RTY,RUSSELL E-MINI - CHICAGO MERCANTILE EXCHANGE,527140,384670,400375,-15705,2.2,15.6,sell,bear
2024-09-17,YM,DJIA Consolidated - CHICAGO BOARD OF TRADE,101534,55781,71737,-15956,36.2,15.5,sell,bear
2024-09-24,ES,S&P 500 Consolidated - CHICAGO MERCANTILE EXCHANGE,2055631,1466815,1524345,-57530,57.0,37.2,sell,neutral
2024-09-24,NQ,NASDAQ-100 Consolidated - CHICAGO MERCANTILE EXCHANGE,232823,133771,162595,-28824,30.1,38.2,sell,neutral
2024-09-24,RTY,RUSSELL E-MINI - CHICAGO MERCANTILE EXCHANGE,442047,315752,352193,-36441,0.0,0.0,sell,bear
2024-09-24,YM,DJIA Consolidated - CHICAGO BOARD OF TRADE,87645,48223,67076,-18853,18.7,11.3,sell,bear
2024-10-01,ES,S&P 500 Consolidated - CHICAGO MERCANTILE EXCHANGE,2092048,1488154,1580377,-92223,41.9,27.3,sell,neutral
2024-10-01,NQ,NASDAQ-100 Consolidated - CHICAGO MERCANTILE EXCHANGE,239651,133690,160554,-26864,34.9,43.7,sell,neutral
2024-10-01,RTY,RUSSELL E-MINI - CHICAGO MERCANTILE EXCHANGE,451559,324403,357919,-33516,2.8,2.7,sell,bear
2024-10-01,YM,DJIA Consolidated - CHICAGO BOARD OF TRADE,89570,49331,67963,-18632,19.7,11.7,sell,bear
2024-10-08,ES,S&P 500 Consolidated - CHICAGO MERCANTILE EXCHANGE,2144160,1517097,1602311,-85214,45.0,29.3,sell,neutral
2024-10-08,NQ,NASDAQ-100 Consolidated - CHICAGO MERCANTILE EXCHANGE,257025,142601,167110,-24509,40.6,48.7,sell,neutral
2024-10-08,RTY,RUSSELL E-MINI - CHICAGO MERCANTILE EXCHANGE,443408,322420,340899,-18479,17.4,16.5,sell,bear
2024-10-08,YM,DJIA Consolidated - CHICAGO BOARD OF TRADE,84731,48713,64556,-15843,32.7,15.7,sell,bear
2024-10-15,ES,S&P 500 Consolidated - CHICAGO MERCANTILE EXCHANGE,2199693,1524500,1653022,-128522,26.1,17.0,sell,bear
2024-10-15,NQ,NASDAQ-100 Consolidated - CHICAGO MERCANTILE EXCHANGE,249104,148828,161331,-12503,69.8,73.9,sell,neutral
2024-10-15,RTY,RUSSELL E-MINI - CHICAGO MERCANTILE EXCHANGE,455216,317476,356491,-39015,0.0,0.0,sell,bear
2024-10-15,YM,DJIA Consolidated - CHICAGO BOARD OF TRADE,91117,49858,65588,-15730,33.2,15.8,sell,bear
2024-10-22,ES,S&P 500 Consolidated - CHICAGO MERCANTILE EXCHANGE,2201296,1516634,1632724,-116090,17.1,20.5,sell,neutral
2024-10-22,NQ,NASDAQ-100 Consolidated - CHICAGO MERCANTILE EXCHANGE,254792,150208,163136,-12928,68.7,73.0,sell,neutral
2024-10-22,RTY,RUSSELL E-MINI - CHICAGO MERCANTILE EXCHANGE,442593,317663,351058,-33395,5.3,5.0,sell,bear
2024-10-22,YM,DJIA Consolidated - CHICAGO BOARD OF TRADE,91035,48586,62979,-14393,39.4,17.8,sell,bear
2024-10-29,ES,S&P 500 Consolidated - CHICAGO MERCANTILE EXCHANGE,2184936,1478676,1655226,-176550,0.0,3.3,sell,bear
2024-10-29,NQ,NASDAQ-100 Consolidated - CHICAGO MERCANTILE EXCHANGE,267750,153750,169743,-15993,61.3,66.6,sell,neutral
2024-10-29,RTY,RUSSELL E-MINI - CHICAGO MERCANTILE EXCHANGE,438061,313576,340715,-27139,11.2,10.6,sell,bear
2024-10-29,YM,DJIA Consolidated - CHICAGO BOARD OF TRADE,89974,47980,60882,-12902,46.3,19.9,sell,bear
2024-11-05,ES,S&P 500 Consolidated - CHICAGO MERCANTILE EXCHANGE,2158810,1450470,1682523,-232053,0.0,0.0,sell,bear
2024-11-05,NQ,NASDAQ-100 Consolidated - CHICAGO MERCANTILE EXCHANGE,263529,145082,173216,-28134,31.8,41.1,sell,neutral
2024-11-05,RTY,RUSSELL E-MINI - CHICAGO MERCANTILE EXCHANGE,448893,324134,347671,-23537,14.6,14.4,sell,bear
2024-11-05,YM,DJIA Consolidated - CHICAGO BOARD OF TRADE,86343,43814,60931,-17117,26.7,14.0,sell,bear
2024-11-12,ES,S&P 500 Consolidated - CHICAGO MERCANTILE EXCHANGE,2255574,1543090,1702688,-159598,26.5,18.3,sell,bear
2024-11-12,NQ,NASDAQ-100 Consolidated - CHICAGO MERCANTILE EXCHANGE,288619,157135,187772,-30637,25.7,35.8,sell,neutral
2024-11-12,RTY,RUSSELL E-MINI - CHICAGO MERCANTILE EXCHANGE,480846,346137,376566,-30429,8.1,8.1,sell,bear
2024-11-12,YM,DJIA Consolidated - CHICAGO BOARD OF TRADE,88312,43230,60875,-17645,24.3,13.7,sell,bear
2024-11-19,ES,S&P 500 Consolidated - CHICAGO MERCANTILE EXCHANGE,2280743,1560143,1741184,-181041,18.7,12.9,sell,bear
2024-11-19,NQ,NASDAQ-100 Consolidated - CHICAGO MERCANTILE EXCHANGE,287341,159419,191304,-31885,22.7,33.2,sell,neutral
2024-11-19,RTY,RUSSELL E-MINI - CHICAGO MERCANTILE EXCHANGE,488795,354411,381767,-27356,11.0,11.0,sell,bear
2024-11-19,YM,DJIA Consolidated - CHICAGO BOARD OF TRADE,86770,44691,59509,-14818,23.0,21.2,sell,neutral
2024-11-26,ES,S&P 500 Consolidated - CHICAGO MERCANTILE EXCHANGE,2295861,1630229,1702843,-72614,58.4,40.3,sell,neutral
2024-11-26,NQ,NASDAQ-100 Consolidated - CHICAGO MERCANTILE EXCHANGE,289033,158533,189031,-30498,26.0,36.1,sell,neutral
2024-11-26,RTY,RUSSELL E-MINI - CHICAGO MERCANTILE EXCHANGE,495231,370595,393180,-22585,15.5,15.5,sell,bear
2024-11-26,YM,DJIA Consolidated - CHICAGO BOARD OF TRADE,89349,44731,59090,-14359,25.7,41.8,sell,neutral
2024-12-03,ES,S&P 500 Consolidated - CHICAGO MERCANTILE EXCHANGE,2303238,1650019,1687970,-37951,71.1,49.1,sell,neutral
2024-12-03,NQ,NASDAQ-100 Consolidated - CHICAGO MERCANTILE EXCHANGE,307679,161753,202622,-40869,0.8,14.4,sell,bear
2024-12-03,RTY,RUSSELL E-MINI - CHICAGO MERCANTILE EXCHANGE,503146,379981,395157,-15176,22.5,22.5,sell,neutral
2024-12-03,YM,DJIA Consolidated - CHICAGO BOARD OF TRADE,92337,48062,61675,-13613,29.9,48.7,sell,neutral
2024-12-10,ES,S&P 500 Consolidated - CHICAGO MERCANTILE EXCHANGE,2349247,1657996,1723367,-65371,61.0,42.2,sell,neutral
2024-12-10,NQ,NASDAQ-100 Consolidated - CHICAGO MERCANTILE EXCHANGE,306813,152775,202986,-50211,0.0,0.0,sell,bear
2024-12-10,RTY,RUSSELL E-MINI - CHICAGO MERCANTILE EXCHANGE,520767,390127,414427,-24300,13.9,13.9,sell,bear
2024-12-10,YM,DJIA Consolidated - CHICAGO BOARD OF TRADE,92474,45997,62448,-16451,13.7,40.4,sell,neutral
2024-12-17,ES,S&P 500 Consolidated - CHICAGO MERCANTILE EXCHANGE,2623934,1797010,1913439,-116429,42.3,29.3,sell,neutral
2024-12-17,NQ,NASDAQ-100 Consolidated - CHICAGO MERCANTILE EXCHANGE,340251,178811,225447,-46636,9.5,7.1,sell,bear
2024-12-17,RTY,RUSSELL E-MINI - CHICAGO MERCANTILE EXCHANGE,569474,417352,439632,-22280,15.8,15.8,sell,bear
2024-12-17,YM,DJIA Consolidated - CHICAGO BOARD OF TRADE,108960,59009,72304,-13295,31.7,52.9,sell,neutral
2024-12-24,ES,S&P 500 Consolidated - CHICAGO MERCANTILE EXCHANGE,2092944,1493336,1554278,-60942,62.7,43.3,sell,neutral
2024-12-24,NQ,NASDAQ-100 Consolidated - CHICAGO MERCANTILE EXCHANGE,251693,126302,167033,-40731,25.1,18.9,sell,bear
2024-12-24,RTY,RUSSELL E-MINI - CHICAGO MERCANTILE EXCHANGE,462103,345895,367566,-21671,16.4,16.4,sell,bear
2024-12-24,YM,DJIA Consolidated - CHICAGO BOARD OF TRADE,82150,46633,57644,-11011,52.0,61.9,sell,neutral
2024-12-31,ES,S&P 500 Consolidated - CHICAGO MERCANTILE EXCHANGE,2069072,1477183,1557507,-80324,55.6,38.4,sell,neutral
2024-12-31,NQ,NASDAQ-100 Consolidated - CHICAGO MERCANTILE EXCHANGE,258092,134614,178134,-43520,17.7,13.3,sell,bear
2024-12-31,RTY,RUSSELL E-MINI - CHICAGO MERCANTILE EXCHANGE,470377,350521,369464,-18943,20.5,18.9,sell,bear
2024-12-31,YM,DJIA Consolidated - CHICAGO BOARD OF TRADE,83957,49740,61058,-11318,50.0,60.7,sell,neutral
2025-01-07,ES,S&P 500 Consolidated - CHICAGO MERCANTILE EXCHANGE,2081903,1488507,1543329,-54822,64.9,44.8,sell,neutral
2025-01-07,NQ,NASDAQ-100 Consolidated - CHICAGO MERCANTILE EXCHANGE,247811,127757,161004,-33247,45.0,33.8,sell,neutral
2025-01-07,RTY,RUSSELL E-MINI - CHICAGO MERCANTILE EXCHANGE,462215,339532,355812,-16280,27.2,21.5,sell,neutral
2025-01-07,YM,DJIA Consolidated - CHICAGO BOARD OF TRADE,85367,51259,61736,-10477,55.6,64.0,sell,neutral
2025-01-14,ES,S&P 500 Consolidated - CHICAGO MERCANTILE EXCHANGE,2057030,1466301,1549180,-82879,54.6,37.7,sell,neutral
2025-01-14,NQ,NASDAQ-100 Consolidated - CHICAGO MERCANTILE EXCHANGE,261461,147007,171162,-24155,69.1,52.0,sell,neutral
2025-01-14,RTY,RUSSELL E-MINI - CHICAGO MERCANTILE EXCHANGE,453908,332601,348058,-15457,28.2,22.2,sell,neutral
2025-01-14,YM,DJIA Consolidated - CHICAGO BOARD OF TRADE,81768,50479,57439,-6960,78.9,77.9,sell,neutral
2025-01-21,ES,S&P 500 Consolidated - CHICAGO MERCANTILE EXCHANGE,2048587,1456724,1514620,-57896,63.8,44.1,sell,neutral
2025-01-21,NQ,NASDAQ-100 Consolidated - CHICAGO MERCANTILE EXCHANGE,263439,136047,172556,-36509,36.3,27.3,sell,neutral
2025-01-21,RTY,RUSSELL E-MINI - CHICAGO MERCANTILE EXCHANGE,436046,334235,331688,2547,73.1,39.2,buy,neutral
2025-01-21,YM,DJIA Consolidated - CHICAGO BOARD OF TRADE,81691,53190,58754,-5564,88.2,83.4,sell,bull
2025-01-28,ES,S&P 500 Consolidated - CHICAGO MERCANTILE EXCHANGE,2046711,1446447,1524089,-77642,56.6,39.1,sell,neutral
2025-01-28,NQ,NASDAQ-100 Consolidated - CHICAGO MERCANTILE EXCHANGE,279517,136735,179799,-43064,19.0,14.3,sell,bear
2025-01-28,RTY,RUSSELL E-MINI - CHICAGO MERCANTILE EXCHANGE,425708,328989,322602,6387,85.5,42.8,buy,neutral
2025-01-28,YM,DJIA Consolidated - CHICAGO BOARD OF TRADE,85619,54455,58224,-3769,100.0,89.6,sell,bull
2025-02-04,ES,S&P 500 Consolidated - CHICAGO MERCANTILE EXCHANGE,2085692,1425316,1548122,-122806,40.0,28.4,sell,neutral
2025-02-04,NQ,NASDAQ-100 Consolidated - CHICAGO MERCANTILE EXCHANGE,271345,140764,171561,-30797,51.5,38.7,sell,neutral
2025-02-04,RTY,RUSSELL E-MINI - CHICAGO MERCANTILE EXCHANGE,420318,326371,314185,12186,96.5,48.3,buy,neutral
2025-02-04,YM,DJIA Consolidated - CHICAGO BOARD OF TRADE,82475,52409,58492,-6083,84.7,79.7,sell,neutral
2025-02-11,ES,S&P 500 Consolidated - CHICAGO MERCANTILE EXCHANGE,2111106,1438396,1551627,-113231,43.5,31.7,sell,neutral
2025-02-11,NQ,NASDAQ-100 Consolidated - CHICAGO MERCANTILE EXCHANGE,276366,147909,170886,-22977,72.2,54.3,sell,neutral
2025-02-11,RTY,RUSSELL E-MINI - CHICAGO MERCANTILE EXCHANGE,414957,324238,303985,20253,100.0,55.9,buy,neutral
2025-02-11,YM,DJIA Consolidated - CHICAGO BOARD OF TRADE,81382,49676,56946,-7270,76.8,74.6,sell,neutral
2025-02-18,ES,S&P 500 Consolidated - CHICAGO MERCANTILE EXCHANGE,2136225,1477736,1568338,-90602,51.8,37.9,sell,neutral
2025-02-18,NQ,NASDAQ-100 Consolidated - CHICAGO MERCANTILE EXCHANGE,303715,158729,175612,-16883,88.4,66.5,sell,neutral
2025-02-18,RTY,RUSSELL E-MINI - CHICAGO MERCANTILE EXCHANGE,416609,322190,306793,15397,91.8,51.3,buy,neutral
2025-02-18,YM,DJIA Consolidated - CHICAGO BOARD OF TRADE,82322,49596,52209,-2613,100.0,94.6,sell,bull
2025-02-25,ES,S&P 500 Consolidated - CHICAGO MERCANTILE EXCHANGE,2145543,1491488,1598480,-106992,45.8,33.5,sell,neutral
2025-02-25,NQ,NASDAQ-100 Consolidated - CHICAGO MERCANTILE EXCHANGE,301391,152203,194367,-42164,21.3,16.0,sell,bear
2025-02-25,RTY,RUSSELL E-MINI - CHICAGO MERCANTILE EXCHANGE,422488,317140,308515,8625,80.4,45.0,buy,neutral
2025-02-25,YM,DJIA Consolidated - CHICAGO BOARD OF TRADE,81664,45928,47023,-1095,100.0,100.0,sell,bull
2025-03-04,ES,S&P 500 Consolidated - CHICAGO MERCANTILE EXCHANGE,2202261,1484871,1651595,-166724,23.9,17.5,sell,bear
2025-03-04,NQ,NASDAQ-100 Consolidated - CHICAGO MERCANTILE EXCHANGE,304391,156125,195979,-39854,27.5,20.7,sell,neutral
2025-03-04,RTY,RUSSELL E-MINI - CHICAGO MERCANTILE EXCHANGE,445584,326541,330121,-3580,59.8,33.4,sell,neutral
2025-03-04,YM,DJIA Consolidated - CHICAGO BOARD OF TRADE,77647,44551,47097,-2546,91.8,93.8,sell,bull
2025-03-11,ES,S&P 500 Consolidated - CHICAGO MERCANTILE EXCHANGE,2308393,1555235,1771669,-216434,5.7,4.6,sell,bear
2025-03-11,NQ,NASDAQ-100 Consolidated - CHICAGO MERCANTILE EXCHANGE,319420,163453,209539,-46086,10.9,8.2,sell,bear
2025-03-11,RTY,RUSSELL E-MINI - CHICAGO MERCANTILE EXCHANGE,473874,343235,347040,-3805,59.4,33.2,sell,neutral
2025-03-11,YM,DJIA Consolidated - CHICAGO BOARD OF TRADE,77307,46679,51163,-4484,80.9,85.6,sell,bull
2025-03-18,ES,S&P 500 Consolidated - CHICAGO MERCANTILE EXCHANGE,2591482,1757384,1948174,-190790,21.3,13.5,sell,bear
2025-03-18,NQ,NASDAQ-100 Consolidated - CHICAGO MERCANTILE EXCHANGE,320476,153927,195861,-41934,22.0,16.5,sell,bear
2025-03-18,RTY,RUSSELL E-MINI - CHICAGO MERCANTILE EXCHANGE,502107,370978,365336,5642,75.3,42.1,buy,neutral
2025-03-18,YM,DJIA Consolidated - CHICAGO BOARD OF TRADE,94597,55140,57215,-2075,94.5,95.8,sell,bull
2025-03-25,ES,S&P 500 Consolidated - CHICAGO MERCANTILE EXCHANGE,2084451,1498297,1530566,-32269,100.0,73.2,sell,neutral
2025-03-25,NQ,NASDAQ-100 Consolidated - CHICAGO MERCANTILE EXCHANGE,231229,118514,142643,-24129,69.2,52.0,sell,neutral
2025-03-25,RTY,RUSSELL E-MINI - CHICAGO MERCANTILE EXCHANGE,399445,291919,282462,9457,81.8,45.7,buy,neutral
2025-03-25,YM,DJIA Consolidated - CHICAGO BOARD OF TRADE,74443,47272,44626,2646,100.0,100.0,buy,bull
2025-04-01,ES,S&P 500 Consolidated - CHICAGO MERCANTILE EXCHANGE,2124617,1509295,1561723,-52428,89.9,65.8,sell,neutral
2025-04-01,NQ,NASDAQ-100 Consolidated - CHICAGO MERCANTILE EXCHANGE,257117,135260,163719,-28459,57.7,43.4,sell,neutral
2025-04-01,RTY,RUSSELL E-MINI - CHICAGO MERCANTILE EXCHANGE,412519,288403,279547,8856,80.8,45.2,buy,neutral
2025-04-01,YM,DJIA Consolidated - CHICAGO BOARD OF TRADE,74497,47045,43420,3625,100.0,100.0,buy,bull
2025-04-08,ES,S&P 500 Consolidated - CHICAGO MERCANTILE EXCHANGE,2349923,1685499,1691282,-5783,100.0,82.9,sell,bull
2025-04-08,NQ,NASDAQ-100 Consolidated - CHICAGO MERCANTILE EXCHANGE,266758,148833,174828,-25995,64.2,48.3,sell,neutral
2025-04-08,RTY,RUSSELL E-MINI - CHICAGO MERCANTILE EXCHANGE,453401,323667,319610,4057,72.7,40.6,buy,neutral
2025-04-08,YM,DJIA Consolidated - CHICAGO BOARD OF TRADE,73838,48549,48130,419,84.9,87.9,buy,bull
2025-04-15,ES,S&P 500 Consolidated - CHICAGO MERCANTILE EXCHANGE,2197559,1629365,1590030,39335,100.0,99.4,buy,bull
2025-04-15,NQ,NASDAQ-100 Consolidated - CHICAGO MERCANTILE EXCHANGE,249669,134897,162111,-27214,61.7,45.9,sell,neutral
2025-04-15,RTY,RUSSELL E-MINI - CHICAGO MERCANTILE EXCHANGE,454242,325603,326944,-1341,59.7,35.6,sell,neutral
2025-04-15,YM,DJIA Consolidated - CHICAGO BOARD OF TRADE,73931,50250,47004,3246,98.2,98.6,buy,bull
2025-04-22,ES,S&P 500 Consolidated - CHICAGO MERCANTILE EXCHANGE,2224655,1651591,1610864,40727,100.0,99.9,buy,bull
2025-04-22,NQ,NASDAQ-100 Consolidated - CHICAGO MERCANTILE EXCHANGE,257271,133102,167535,-34433,46.1,31.5,sell,neutral
2025-04-22,RTY,RUSSELL E-MINI - CHICAGO MERCANTILE EXCHANGE,464123,334265,339060,-4795,50.6,32.3,sell,neutral
2025-04-22,YM,DJIA Consolidated - CHICAGO BOARD OF TRADE,78992,52324,52107,217,84.0,87.1,buy,bull
2025-04-29,ES,S&P 500 Consolidated - CHICAGO MERCANTILE EXCHANGE,2150370,1599127,1555546,43581,100.0,100.0,buy,bull
2025-04-29,NQ,NASDAQ-100 Consolidated - CHICAGO MERCANTILE EXCHANGE,265803,138038,157073,-19035,93.5,62.2,sell,neutral
2025-04-29,RTY,RUSSELL E-MINI - CHICAGO MERCANTILE EXCHANGE,459912,333928,330774,3154,66.3,39.8,buy,neutral
2025-04-29,YM,DJIA Consolidated - CHICAGO BOARD OF TRADE,78341,50136,52773,-2637,70.6,76.4,sell,neutral
2025-05-06,ES,S&P 500 Consolidated - CHICAGO MERCANTILE EXCHANGE,2149796,1586867,1540847,46020,100.0,100.0,buy,bull
2025-05-06,NQ,NASDAQ-100 Consolidated - CHICAGO MERCANTILE EXCHANGE,280451,141615,159774,-18159,96.2,63.9,sell,neutral
2025-05-06,RTY,RUSSELL E-MINI - CHICAGO MERCANTILE EXCHANGE,449683,331976,313133,18843,97.2,54.6,buy,neutral
2025-05-06,YM,DJIA Consolidated - CHICAGO BOARD OF TRADE,76175,48033,51538,-3505,66.5,73.1,sell,neutral
2025-05-13,ES,S&P 500 Consolidated - CHICAGO MERCANTILE EXCHANGE,2142617,1576417,1513671,62746,100.0,100.0,buy,bull
2025-05-13,NQ,NASDAQ-100 Consolidated - CHICAGO MERCANTILE EXCHANGE,307490,162702,168509,-5807,100.0,88.5,sell,bull
2025-05-13,RTY,RUSSELL E-MINI - CHICAGO MERCANTILE EXCHANGE,443279,335022,304161,30861,100.0,65.9,buy,neutral
2025-05-13,YM,DJIA Consolidated - CHICAGO BOARD OF TRADE,77515,47987,52287,-4300,60.5,70.1,sell,neutral
2025-05-20,ES,S&P 500 Consolidated - CHICAGO MERCANTILE EXCHANGE,2130048,1575299,1523477,51822,96.1,96.3,buy,bull
2025-05-20,NQ,NASDAQ-100 Consolidated - CHICAGO MERCANTILE EXCHANGE,301110,160165,160508,-343,100.0,99.4,sell,bull
2025-05-20,RTY,RUSSELL E-MINI - CHICAGO MERCANTILE EXCHANGE,435666,315935,306586,9349,61.0,45.6,buy,neutral
2025-05-20,YM,DJIA Consolidated - CHICAGO BOARD OF TRADE,78995,49297,53016,-3719,63.4,67.3,sell,neutral
2025-05-27,ES,S&P 500 Consolidated - CHICAGO MERCANTILE EXCHANGE,2129520,1565769,1558592,7177,80.1,81.2,buy,bull
2025-05-27,NQ,NASDAQ-100 Consolidated - CHICAGO MERCANTILE EXCHANGE,295593,148665,157729,-9064,82.5,82.0,sell,bull
2025-05-27,RTY,RUSSELL E-MINI - CHICAGO MERCANTILE EXCHANGE,434066,312937,305896,7041,56.8,43.5,buy,neutral
2025-05-27,YM,DJIA Consolidated - CHICAGO BOARD OF TRADE,80388,46548,54532,-7984,42.2,48.4,sell,neutral
2025-06-03,ES,S&P 500 Consolidated - CHICAGO MERCANTILE EXCHANGE,2140283,1571442,1561439,10003,81.1,82.1,buy,bull
2025-06-03,NQ,NASDAQ-100 Consolidated - CHICAGO MERCANTILE EXCHANGE,298126,151501,162916,-11415,77.8,77.4,sell,neutral
2025-06-03,RTY,RUSSELL E-MINI - CHICAGO MERCANTILE EXCHANGE,445327,318071,301878,16193,73.4,52.1,buy,neutral
2025-06-03,YM,DJIA Consolidated - CHICAGO BOARD OF TRADE,85461,47752,57218,-9466,34.8,41.8,sell,neutral
2025-06-10,ES,S&P 500 Consolidated - CHICAGO MERCANTILE EXCHANGE,2241820,1687259,1627789,59470,98.8,98.9,buy,bull
2025-06-10,NQ,NASDAQ-100 Consolidated - CHICAGO MERCANTILE EXCHANGE,298671,150773,165000,-14227,70.0,72.2,sell,neutral
2025-06-10,RTY,RUSSELL E-MINI - CHICAGO MERCANTILE EXCHANGE,447044,324018,293525,30493,99.3,65.6,buy,neutral
2025-06-10,YM,DJIA Consolidated - CHICAGO BOARD OF TRADE,88212,49602,58535,-8933,25.8,44.1,sell,neutral
2025-06-17,ES,S&P 500 Consolidated - CHICAGO MERCANTILE EXCHANGE,2473205,1849701,1731629,118072,100.0,100.0,buy,bull
2025-06-17,NQ,NASDAQ-100 Consolidated - CHICAGO MERCANTILE EXCHANGE,334937,176194,186275,-10081,78.7,80.5,sell,bull
2025-06-17,RTY,RUSSELL E-MINI - CHICAGO MERCANTILE EXCHANGE,501995,361103,322294,38809,100.0,73.4,buy,neutral
2025-06-17,YM,DJIA Consolidated - CHICAGO BOARD OF TRADE,103343,59924,69549,-9625,11.3,41.1,sell,neutral
2025-06-24,ES,S&P 500 Consolidated - CHICAGO MERCANTILE EXCHANGE,1898304,1386332,1304541,81791,89.2,89.6,buy,bull
2025-06-24,NQ,NASDAQ-100 Consolidated - CHICAGO MERCANTILE EXCHANGE,259948,132978,155716,-22738,51.0,55.1,sell,neutral
2025-06-24,RTY,RUSSELL E-MINI - CHICAGO MERCANTILE EXCHANGE,389754,275226,249436,25790,77.5,61.2,buy,neutral
2025-06-24,YM,DJIA Consolidated - CHICAGO BOARD OF TRADE,82269,51685,57854,-6169,34.5,56.4,sell,neutral
2025-07-01,ES,S&P 500 Consolidated - CHICAGO MERCANTILE EXCHANGE,1900931,1368735,1365423,3312,65.7,67.2,buy,neutral
2025-07-01,NQ,NASDAQ-100 Consolidated - CHICAGO MERCANTILE EXCHANGE,274168,141599,182721,-41122,10.9,18.2,sell,bear
2025-07-01,RTY,RUSSELL E-MINI - CHICAGO MERCANTILE EXCHANGE,388073,290614,237590,53024,100.0,94.1,buy,bull
2025-07-01,YM,DJIA Consolidated - CHICAGO BOARD OF TRADE,86845,53418,60082,-6664,27.0,54.2,sell,neutral
2025-07-08,ES,S&P 500 Consolidated - CHICAGO MERCANTILE EXCHANGE,1915351,1386090,1323412,62678,83.4,84.2,buy,bull
2025-07-08,NQ,NASDAQ-100 Consolidated - CHICAGO MERCANTILE EXCHANGE,279888,141437,185838,-44401,3.7,11.7,sell,bear
2025-07-08,RTY,RUSSELL E-MINI - CHICAGO MERCANTILE EXCHANGE,397829,303809,242143,61666,100.0,100.0,buy,bull
2025-07-08,YM,DJIA Consolidated - CHICAGO BOARD OF TRADE,85138,51607,59108,-7501,16.0,50.5,sell,neutral
2025-07-15,ES,S&P 500 Consolidated - CHICAGO MERCANTILE EXCHANGE,1952930,1426832,1329228,97604,93.9,94.2,buy,bull
2025-07-15,NQ,NASDAQ-100 Consolidated - CHICAGO MERCANTILE EXCHANGE,281893,145299,189224,-43925,4.7,12.6,sell,bear
2025-07-15,RTY,RUSSELL E-MINI - CHICAGO MERCANTILE EXCHANGE,391568,302519,236908,65611,100.0,100.0,buy,bull
2025-07-15,YM,DJIA Consolidated - CHICAGO BOARD OF TRADE,83480,49247,54297,-5050,34.5,61.4,sell,neutral
2025-07-22,ES,S&P 500 Consolidated - CHICAGO MERCANTILE EXCHANGE,1937915,1423958,1325384,98574,94.2,94.4,buy,bull
2025-07-22,NQ,NASDAQ-100 Consolidated - CHICAGO MERCANTILE EXCHANGE,281535,151591,190926,-39335,14.8,21.8,sell,neutral
2025-07-22,RTY,RUSSELL E-MINI - CHICAGO MERCANTILE EXCHANGE,398690,312022,243725,68297,100.0,100.0,buy,bull
2025-07-22,YM,DJIA Consolidated - CHICAGO BOARD OF TRADE,86201,52117,54880,-2763,51.8,71.6,sell,neutral
2025-07-29,ES,S&P 500 Consolidated - CHICAGO MERCANTILE EXCHANGE,1965169,1421979,1340235,81744,89.1,89.6,buy,bull
2025-07-29,NQ,NASDAQ-100 Consolidated - CHICAGO MERCANTILE EXCHANGE,293645,156451,199289,-42838,7.1,14.8,sell,bear
2025-07-29,RTY,RUSSELL E-MINI - CHICAGO MERCANTILE EXCHANGE,406989,318638,244873,73765,100.0,100.0,buy,bull
2025-07-29,YM,DJIA Consolidated - CHICAGO BOARD OF TRADE,86736,55266,53672,1594,84.7,91.0,buy,bull
2025-08-05,ES,S&P 500 Consolidated - CHICAGO MERCANTILE EXCHANGE,1928385,1399283,1334136,65147,84.2,84.9,buy,bull
2025-08-05,NQ,NASDAQ-100 Consolidated - CHICAGO MERCANTILE EXCHANGE,290285,147363,193502,-46139,0.0,8.2,sell,bear
2025-08-05,RTY,RUSSELL E-MINI - CHICAGO MERCANTILE EXCHANGE,427309,342724,252284,90440,100.0,100.0,buy,bull
2025-08-05,YM,DJIA Consolidated - CHICAGO BOARD OF TRADE,87993,58635,57014,1621,84.9,91.1,buy,bull
2025-08-12,ES,S&P 500 Consolidated - CHICAGO MERCANTILE EXCHANGE,1990230,1464390,1341862,122528,100.0,100.0,buy,bull
2025-08-12,NQ,NASDAQ-100 Consolidated - CHICAGO MERCANTILE EXCHANGE,316811,162851,213006,-50155,0.0,0.1,sell,bear
2025-08-12,RTY,RUSSELL E-MINI - CHICAGO MERCANTILE EXCHANGE,424985,336951,247224,89727,99.3,99.4,buy,bull
2025-08-12,YM,DJIA Consolidated - CHICAGO BOARD OF TRADE,88755,57123,56116,1007,80.2,88.4,buy,bull
2025-08-19,ES,S&P 500 Consolidated - CHICAGO MERCANTILE EXCHANGE,2001161,1469733,1367281,102452,94.1,94.3,buy,bull
2025-08-19,NQ,NASDAQ-100 Consolidated - CHICAGO MERCANTILE EXCHANGE,304458,157155,204210,-47055,6.2,6.3,sell,bear
2025-08-19,RTY,RUSSELL E-MINI - CHICAGO MERCANTILE EXCHANGE,418180,328773,255539,73234,81.9,86.7,buy,bull
2025-08-19,YM,DJIA Consolidated - CHICAGO BOARD OF TRADE,85223,55272,52065,3207,96.8,98.1,buy,bull
2025-08-26,ES,S&P 500 Consolidated - CHICAGO MERCANTILE EXCHANGE,2043484,1506599,1395667,110932,96.6,96.7,buy,bull
2025-08-26,NQ,NASDAQ-100 Consolidated - CHICAGO MERCANTILE EXCHANGE,298322,151564,201894,-50330,0.0,0.0,sell,bear
2025-08-26,RTY,RUSSELL E-MINI - CHICAGO MERCANTILE EXCHANGE,411590,314715,257043,57672,65.6,74.7,buy,neutral
2025-08-26,YM,DJIA Consolidated - CHICAGO BOARD OF TRADE,86477,55711,53419,2292,89.9,94.1,buy,bull
2025-09-02,ES,S&P 500 Consolidated - CHICAGO MERCANTILE EXCHANGE,2022728,1493420,1403166,90254,90.5,90.9,buy,bull
2025-09-02,NQ,NASDAQ-100 Consolidated - CHICAGO MERCANTILE EXCHANGE,296057,161059,185504,-24445,51.8,51.8,sell,neutral
2025-09-02,RTY,RUSSELL E-MINI - CHICAGO MERCANTILE EXCHANGE,411921,310100,261985,48115,55.6,67.3,buy,neutral
2025-09-02,YM,DJIA Consolidated - CHICAGO BOARD OF TRADE,84001,56703,51344,5359,100.0,100.0,buy,bull
2025-09-09,ES,S&P 500 Consolidated - CHICAGO MERCANTILE EXCHANGE,2063255,1494740,1400013,94727,91.1,92.2,buy,bull
2025-09-09,NQ,NASDAQ-100 Consolidated - CHICAGO MERCANTILE EXCHANGE,310398,165005,198116,-33111,34.4,34.4,sell,neutral
2025-09-09,RTY,RUSSELL E-MINI - CHICAGO MERCANTILE EXCHANGE,423895,325088,264804,60284,68.3,76.7,buy,neutral
2025-09-09,YM,DJIA Consolidated - CHICAGO BOARD OF TRADE,89055,58705,56266,2439,80.5,87.9,buy,bull
2025-09-16,ES,S&P 500 Consolidated - CHICAGO MERCANTILE EXCHANGE,2467095,1781070,1643496,137574,100.0,100.0,buy,bull
2025-09-16,NQ,NASDAQ-100 Consolidated - CHICAGO MERCANTILE EXCHANGE,365891,188483,213675,-25192,50.3,50.3,sell,neutral
2025-09-16,RTY,RUSSELL E-MINI - CHICAGO MERCANTILE EXCHANGE,477326,365603,288796,76807,85.7,89.5,buy,bull
2025-09-16,YM,DJIA Consolidated - CHICAGO BOARD OF TRADE,100891,62076,53850,8226,100.0,100.0,buy,bull
2025-09-23,ES,S&P 500 Consolidated - CHICAGO MERCANTILE EXCHANGE,1963507,1443360,1354260,89100,74.5,86.9,buy,bull
2025-09-23,NQ,NASDAQ-100 Consolidated - CHICAGO MERCANTILE EXCHANGE,281162,141614,169440,-27826,45.0,45.0,sell,neutral
2025-09-23,RTY,RUSSELL E-MINI - CHICAGO MERCANTILE EXCHANGE,369261,293480,254785,38695,45.7,60.0,buy,neutral
2025-09-23,YM,DJIA Consolidated - CHICAGO BOARD OF TRADE,78112,45591,45430,161,54.8,70.0,buy,neutral
2025-09-30,ES,S&P 500 Consolidated - CHICAGO MERCANTILE EXCHANGE,1955078,1443020,1394099,48921,38.2,76.0,buy,neutral
2025-09-30,NQ,NASDAQ-100 Consolidated - CHICAGO MERCANTILE EXCHANGE,285789,146443,194697,-48254,4.2,4.2,sell,bear
2025-09-30,RTY,RUSSELL E-MINI - CHICAGO MERCANTILE EXCHANGE,355192,281667,239926,41741,48.9,62.4,buy,neutral
2025-09-30,YM,DJIA Consolidated - CHICAGO BOARD OF TRADE,78830,58021,44377,13644,100.0,100.0,buy,bull
2025-10-07,ES,S&P 500 Consolidated - CHICAGO MERCANTILE EXCHANGE,1965775,1438103,1391383,46720,32.3,75.4,buy,neutral
2025-10-07,NQ,NASDAQ-100 Consolidated - CHICAGO MERCANTILE EXCHANGE,294285,150420,200356,-49936,0.8,0.8,sell,bear
2025-10-07,RTY,RUSSELL E-MINI - CHICAGO MERCANTILE EXCHANGE,387003,304305,254404,49901,57.4,68.7,buy,neutral
2025-10-07,YM,DJIA Consolidated - CHICAGO BOARD OF TRADE,82515,58172,46981,11191,89.5,92.2,buy,bull
2025-10-14,ES,S&P 500 Consolidated - CHICAGO MERCANTILE EXCHANGE,1943899,1429466,1355782,73684,52.4,82.7,buy,bull
2025-10-14,NQ,NASDAQ-100 Consolidated - CHICAGO MERCANTILE EXCHANGE,290000,140256,199186,-58930,0.0,0.0,sell,bear
2025-10-14,RTY,RUSSELL E-MINI - CHICAGO MERCANTILE EXCHANGE,381590,300541,256085,44456,51.7,62.9,buy,neutral
2025-10-14,YM,DJIA Consolidated - CHICAGO BOARD OF TRADE,85017,61772,49864,11908,92.5,94.5,buy,bull
2025-10-21,ES,S&P 500 Consolidated - CHICAGO MERCANTILE EXCHANGE,1900748,1377318,1325139,52179,36.4,76.9,buy,neutral
2025-10-21,NQ,NASDAQ-100 Consolidated - CHICAGO MERCANTILE EXCHANGE,300347,143480,199594,-56114,4.8,4.8,sell,bear
2025-10-21,RTY,RUSSELL E-MINI - CHICAGO MERCANTILE EXCHANGE,383684,303654,248698,54956,59.3,70.6,buy,neutral
2025-10-21,YM,DJIA Consolidated - CHICAGO BOARD OF TRADE,92051,62941,53154,9787,83.4,87.7,buy,bull
2025-10-28,ES,S&P 500 Consolidated - CHICAGO MERCANTILE EXCHANGE,1947747,1418371,1365718,52653,36.7,77.0,buy,neutral
2025-10-28,NQ,NASDAQ-100 Consolidated - CHICAGO MERCANTILE EXCHANGE,310555,152622,200013,-47391,19.7,19.7,sell,bear
2025-10-28,RTY,RUSSELL E-MINI - CHICAGO MERCANTILE EXCHANGE,384572,301078,252407,48671,49.9,65.4,buy,neutral
2025-10-28,YM,DJIA Consolidated - CHICAGO BOARD OF TRADE,92593,62050,54853,7197,72.3,79.4,buy,neutral
2025-11-04,ES,S&P 500 Consolidated - CHICAGO MERCANTILE EXCHANGE,1977017,1434179,1370609,63570,44.9,79.1,buy,neutral
2025-11-04,NQ,NASDAQ-100 Consolidated - CHICAGO MERCANTILE EXCHANGE,304760,149475,208087,-58612,0.5,0.5,sell,bear
2025-11-04,RTY,RUSSELL E-MINI - CHICAGO MERCANTILE EXCHANGE,394943,311598,260668,50930,52.6,67.3,buy,neutral
2025-11-04,YM,DJIA Consolidated - CHICAGO BOARD OF TRADE,88387,61755,51828,9927,84.0,88.1,buy,bull
2025-11-10,ES,S&P 500 Consolidated - CHICAGO MERCANTILE EXCHANGE,2005108,1445075,1394132,50943,35.5,75.5,buy,neutral
2025-11-10,NQ,NASDAQ-100 Consolidated - CHICAGO MERCANTILE EXCHANGE,309882,148918,210654,-61736,0.0,0.0,sell,bear
2025-11-10,RTY,RUSSELL E-MINI - CHICAGO MERCANTILE EXCHANGE,392134,307288,262004,45284,45.9,61.7,buy,neutral
2025-11-10,YM,DJIA Consolidated - CHICAGO BOARD OF TRADE,81781,57134,46262,10872,88.1,90.8,buy,bull
2025-11-18,ES,S&P 500 Consolidated - CHICAGO MERCANTILE EXCHANGE,2064107,1490852,1441700,49152,34.1,75.0,buy,neutral
2025-11-18,NQ,NASDAQ-100 Consolidated - CHICAGO MERCANTILE EXCHANGE,315545,154105,213275,-59170,4.9,4.2,sell,bear
2025-11-18,RTY,RUSSELL E-MINI - CHICAGO MERCANTILE EXCHANGE,388785,304163,251485,52678,54.7,67.1,buy,neutral
2025-11-18,YM,DJIA Consolidated - CHICAGO BOARD OF TRADE,82876,59265,45579,13686,100.0,100.0,buy,bull
2025-11-25,ES,S&P 500 Consolidated - CHICAGO MERCANTILE EXCHANGE,2100665,1488287,1459422,28865,19.0,69.3,buy,neutral
2025-11-25,NQ,NASDAQ-100 Consolidated - CHICAGO MERCANTILE EXCHANGE,315399,151760,215366,-63606,0.0,0.0,sell,bear
2025-11-25,RTY,RUSSELL E-MINI - CHICAGO MERCANTILE EXCHANGE,366685,280099,251598,28501,16.6,46.0,buy,neutral
2025-11-25,YM,DJIA Consolidated - CHICAGO BOARD OF TRADE,85923,61766,43944,17822,100.0,100.0,buy,bull
2025-12-02,ES,S&P 500 Consolidated - CHICAGO MERCANTILE EXCHANGE,2102168,1512543,1445119,67424,47.8,80.2,buy,bull
2025-12-02,NQ,NASDAQ-100 Consolidated - CHICAGO MERCANTILE EXCHANGE,328582,159230,216668,-57438,11.5,9.7,sell,bear
2025-12-02,RTY,RUSSELL E-MINI - CHICAGO MERCANTILE EXCHANGE,379767,288503,269627,18876,0.0,37.6,buy,neutral
2025-12-02,YM,DJIA Consolidated - CHICAGO BOARD OF TRADE,82132,60389,44223,16166,94.0,95.2,buy,bull
2025-12-09,ES,S&P 500 Consolidated - CHICAGO MERCANTILE EXCHANGE,2172273,1568306,1505252,63054,44.5,78.9,buy,neutral
2025-12-09,NQ,NASDAQ-100 Consolidated - CHICAGO MERCANTILE EXCHANGE,347119,170865,228421,-57556,11.3,9.6,sell,bear
2025-12-09,RTY,RUSSELL E-MINI - CHICAGO MERCANTILE EXCHANGE,413907,294110,286635,7475,0.0,26.4,buy,neutral
2025-12-09,YM,DJIA Consolidated - CHICAGO BOARD OF TRADE,83015,59905,45374,14531,88.0,89.4,buy,bull
2025-12-16,ES,S&P 500 Consolidated - CHICAGO MERCANTILE EXCHANGE,2504363,1806482,1771278,35204,23.8,71.1,buy,neutral
2025-12-16,NQ,NASDAQ-100 Consolidated - CHICAGO MERCANTILE EXCHANGE,403867,193477,251986,-58509,12.5,8.1,sell,bear
2025-12-16,RTY,RUSSELL E-MINI - CHICAGO MERCANTILE EXCHANGE,503526,336101,366292,-30191,0.0,0.0,sell,bear
2025-12-16,YM,DJIA Consolidated - CHICAGO BOARD OF TRADE,90249,65657,52329,13328,82.3,84.6,buy,bull
2025-12-23,ES,S&P 500 Consolidated - CHICAGO MERCANTILE EXCHANGE,1923191,1383577,1431799,-48222,0.0,47.5,sell,neutral
2025-12-23,NQ,NASDAQ-100 Consolidated - CHICAGO MERCANTILE EXCHANGE,274369,128215,178143,-49928,34.9,21.6,sell,neutral
2025-12-23,RTY,RUSSELL E-MINI - CHICAGO MERCANTILE EXCHANGE,388537,276115,291475,-15360,12.3,12.3,sell,bear
2025-12-23,YM,DJIA Consolidated - CHICAGO BOARD OF TRADE,61462,36627,40465,-3838,14.5,25.7,sell,neutral
2025-12-30,ES,S&P 500 Consolidated - CHICAGO MERCANTILE EXCHANGE,1949403,1403461,1431420,-27959,10.9,53.2,sell,neutral
2025-12-30,NQ,NASDAQ-100 Consolidated - CHICAGO MERCANTILE EXCHANGE,286451,136650,181629,-44979,47.6,29.4,sell,neutral
2025-12-30,RTY,RUSSELL E-MINI - CHICAGO MERCANTILE EXCHANGE,388787,276880,290166,-13286,14.0,14.0,sell,bear
2025-12-30,YM,DJIA Consolidated - CHICAGO BOARD OF TRADE,61375,36643,40219,-3576,15.5,24.4,sell,neutral
